-- MySQL dump 10.13  Distrib 8.0.19, for Win64 (x86_64)
--
-- Host: i9E206.p.ssafy.io    Database: yahak
-- ------------------------------------------------------
-- Server version	11.0.2-MariaDB-1:11.0.2+maria~ubu2204

/*!40101 SET @OLD_CHARACTER_SET_CLIENT=@@CHARACTER_SET_CLIENT */;
/*!40101 SET @OLD_CHARACTER_SET_RESULTS=@@CHARACTER_SET_RESULTS */;
/*!40101 SET @OLD_COLLATION_CONNECTION=@@COLLATION_CONNECTION */;
/*!50503 SET NAMES utf8mb4 */;
/*!40103 SET @OLD_TIME_ZONE=@@TIME_ZONE */;
/*!40103 SET TIME_ZONE='+00:00' */;
/*!40014 SET @OLD_UNIQUE_CHECKS=@@UNIQUE_CHECKS, UNIQUE_CHECKS=0 */;
/*!40014 SET @OLD_FOREIGN_KEY_CHECKS=@@FOREIGN_KEY_CHECKS, FOREIGN_KEY_CHECKS=0 */;
/*!40101 SET @OLD_SQL_MODE=@@SQL_MODE, SQL_MODE='NO_AUTO_VALUE_ON_ZERO' */;
/*!40111 SET @OLD_SQL_NOTES=@@SQL_NOTES, SQL_NOTES=0 */;

--
-- Table structure for table `classes`
--

DROP TABLE IF EXISTS `classes`;
/*!40101 SET @saved_cs_client     = @@character_set_client */;
/*!50503 SET character_set_client = utf8mb4 */;
CREATE TABLE `classes` (
  `id` bigint(20) NOT NULL AUTO_INCREMENT,
  `government_id` bigint(20) NOT NULL,
  `status_code` varchar(256) NOT NULL,
  `class_name` varchar(256) NOT NULL,
  `lecture_time` time DEFAULT NULL,
  `created_at` timestamp NOT NULL DEFAULT current_timestamp(),
  `updated_at` timestamp NOT NULL DEFAULT current_timestamp() ON UPDATE current_timestamp(),
  PRIMARY KEY (`id`),
  KEY `fk_classes_goverment` (`government_id`),
  KEY `classes_FK` (`status_code`),
  CONSTRAINT `classes_FK` FOREIGN KEY (`status_code`) REFERENCES `common_codes` (`status_code`) ON DELETE CASCADE ON UPDATE CASCADE,
  CONSTRAINT `fk_classes_goverment` FOREIGN KEY (`government_id`) REFERENCES `governments` (`id`) ON DELETE CASCADE ON UPDATE CASCADE
) ENGINE=InnoDB AUTO_INCREMENT=212 DEFAULT CHARSET=utf8mb4 COLLATE=utf8mb4_general_ci;
/*!40101 SET character_set_client = @saved_cs_client */;

--
-- Dumping data for table `classes`
--

LOCK TABLES `classes` WRITE;
/*!40000 ALTER TABLE `classes` DISABLE KEYS */;
INSERT INTO `classes` VALUES (4,4,'A03','싸피23반','10:00:00','2023-08-07 19:50:49','2023-08-07 19:50:49'),(5,4,'A03','싸피24반','10:00:00','2023-08-07 19:50:49','2023-08-07 19:50:49'),(6,4,'A03','싸피23반','10:00:00','2023-08-07 19:50:49','2023-08-07 19:50:49'),(7,4,'A03','싸피26반','10:00:00','2023-08-07 19:50:49','2023-08-07 19:50:49'),(8,4,'A03','싸피27반','10:00:00','2023-08-07 19:50:49','2023-08-07 19:50:49'),(9,4,'A03','싸피28반','10:00:00','2023-08-07 19:50:49','2023-08-07 19:50:49'),(10,4,'A03','싸피29반','10:00:00','2023-08-07 19:50:49','2023-08-07 19:50:49'),(11,4,'A03','싸피30반','10:00:00','2023-08-07 19:50:49','2023-08-07 19:50:49'),(12,4,'A03','싸피31반','10:00:00','2023-08-07 19:50:49','2023-08-07 19:50:49'),(206,4,'A03','신호동햇님반','19:00:00','2023-08-02 15:31:49','2023-08-11 17:12:54'),(207,4,'A03','싸피32반','10:00:00','2023-08-07 19:50:49','2023-08-07 19:50:49'),(208,2,'A03','class1','11:00:00','2023-08-15 05:19:38','2023-08-15 05:19:38'),(209,2,'A03','class2','11:00:00','2023-08-15 05:20:08','2023-08-15 05:20:08'),(210,2,'A03','class3','11:00:00','2023-08-15 05:20:13','2023-08-15 05:20:13'),(211,2,'A03','class4','11:00:00','2023-08-15 05:20:18','2023-08-15 05:20:18');
/*!40000 ALTER TABLE `classes` ENABLE KEYS */;
UNLOCK TABLES;

--
-- Table structure for table `common_codes`
--

DROP TABLE IF EXISTS `common_codes`;
/*!40101 SET @saved_cs_client     = @@character_set_client */;
/*!50503 SET character_set_client = utf8mb4 */;
CREATE TABLE `common_codes` (
  `status_code` varchar(256) NOT NULL,
  `status_name` varchar(256) NOT NULL,
  PRIMARY KEY (`status_code`)
) ENGINE=InnoDB DEFAULT CHARSET=utf8mb4 COLLATE=utf8mb4_general_ci;
/*!40101 SET character_set_client = @saved_cs_client */;

--
-- Dumping data for table `common_codes`
--

LOCK TABLES `common_codes` WRITE;
/*!40000 ALTER TABLE `common_codes` DISABLE KEYS */;
INSERT INTO `common_codes` VALUES ('A01','ACTIVE'),('A02','INACTIVE'),('A03','UNASSIGNED'),('B01','WRITE'),('B02','READ'),('C01','NOT_SOLVED'),('C02','IN_PROGRESS'),('C03','SOLVED');
/*!40000 ALTER TABLE `common_codes` ENABLE KEYS */;
UNLOCK TABLES;

--
-- Table structure for table `diaries`
--

DROP TABLE IF EXISTS `diaries`;
/*!40101 SET @saved_cs_client     = @@character_set_client */;
/*!50503 SET character_set_client = utf8mb4 */;
CREATE TABLE `diaries` (
  `id` bigint(20) NOT NULL AUTO_INCREMENT,
  `member_id` bigint(20) NOT NULL,
  `content` varchar(511) NOT NULL,
  `image_url` varchar(256) DEFAULT NULL,
  `created_at` timestamp NOT NULL DEFAULT current_timestamp(),
  `updated_at` timestamp NOT NULL DEFAULT current_timestamp(),
  PRIMARY KEY (`id`),
  KEY `diaries_FK` (`member_id`),
  CONSTRAINT `diaries_FK` FOREIGN KEY (`member_id`) REFERENCES `members` (`id`) ON DELETE CASCADE ON UPDATE CASCADE
) ENGINE=InnoDB AUTO_INCREMENT=94 DEFAULT CHARSET=utf8mb4 COLLATE=utf8mb4_general_ci;
/*!40101 SET character_set_client = @saved_cs_client */;

--
-- Dumping data for table `diaries`
--

LOCK TABLES `diaries` WRITE;
/*!40000 ALTER TABLE `diaries` DISABLE KEYS */;
INSERT INTO `diaries` VALUES (1,4,'안녕하세요 저는 감자입니다.',NULL,'2023-08-12 12:18:24','2023-08-12 12:18:24'),(2,4,'된장찌개에 감자를 넣어서 먹으면 맛있답니다.',NULL,'2023-08-12 12:18:57','2023-08-12 12:18:57'),(3,4,'최근에 충격이었던게, 아쿠아 돈까스랑 같이 나온 감자구이가 너무 맛없었지 뭐예요.. 담당자 나오라고 해!',NULL,'2023-08-12 12:19:42','2023-08-12 12:19:42'),(4,4,'안녕하세요 테스트입니다.',NULL,'2023-08-12 13:03:14','2023-08-12 13:03:14'),(43,24,'오늘은 기분이 아주 좋아요! 날씨가 맑고 햇살이 따뜻해서 마음도 밝아지고 energized 되는 기분이에요. 다른 사람을 도와주는 것은 저에게도 큰 행복을 선물해줘요. 그래서 오늘도 어떻게 도와드릴까 생각중이에요. 행복한 하루 되세요!','https://s3-hotsix.s3.ap-northeast-2.amazonaws.com/diary/24/d111dbc4-500d-48f2-924a-4a3a36eec558.png','2023-08-15 13:21:49','2023-08-15 13:21:49'),(45,24,'오늘은 정말 기분 좋은 하루였어요. 아침에는 꽃들이 피어나는 걸 보고 마음이 밝아졌어요. 그리고 오랜만에 친구들과 함께 점심을 먹으며 이야기도 나눌 수 있었어요. 오후에는 걷기도 하고 책도 읽고 하루가 또 지나갔네요. 내일도 즐거운 하루가 되기를 바래요!  선생님 덕분에 행복한 하루였어요. 앞으로도 저를 위해 할 일이 있다면 언제든지 말씀해주세요. ','https://s3-hotsix.s3.ap-northeast-2.amazonaws.com/diary/24/168aada5-b85a-4d29-bf84-042369ed401e.png','2023-08-15 14:24:06','2023-08-15 14:24:06'),(46,24,'오늘은 와플을 먹었어요. 와플은 정말 맛있는 음식이죠! 어떤 종류의 와플을 드셨나요? 저는 초코 앞에 와플이 제일 좋아요. 오늘도 행복한 하루 보내세요!','https://s3-hotsix.s3.ap-northeast-2.amazonaws.com/diary/24/2b7009c0-1737-4588-915b-1979571e26fc.png','2023-08-15 14:27:27','2023-08-15 14:27:27'),(47,24,'오늘은 와플을 먹었어요. 와플은 정말 맛있는 음식이죠! 어떤 종류의 와플을 드셨나요? 저는 초코 앞에 와플이 제일 좋아요. 오늘도 행복한 하루 보내세요!','https://s3-hotsix.s3.ap-northeast-2.amazonaws.com/diary/24/a6d4b565-a25b-4c72-ac56-631c3e7e3f8b.png','2023-08-15 14:33:29','2023-08-15 14:33:29'),(50,24,'오늘은 와플을 먹었어요. 너무 맛있었어요! 지금은 와플에 사랑이 더해진 밀크를 차로 즐기고 있어요. 삶은 게 정말 멋져요! 이런 작은 즐거움들이 행복을 만들어주는 거예요. 매일 삶에 작은 즐거움을 찾아보면 참 좋을 것 같아요. 생각만 해도 행복해져요!','https://s3-hotsix.s3.ap-northeast-2.amazonaws.com/diary/24/c4cd47d6-3bd9-415f-b4be-f99246a53205.png','2023-08-15 15:30:01','2023-08-15 15:30:01'),(51,24,'오늘은 정말 멋진 날이었어요! 저는 마포를 먹었지요. 맛있는 마포종류를 먹으셨다니, 정말 부럽네요! 알람을 맞추시려고 하셨나요? 어떤 일 때문에 알람이 필요했나요? 하루하루가 더욱 살아갈 가치가 있는 거죠. 피곤하지만 이렇게 살아있는 것에 감사해요.','https://s3-hotsix.s3.ap-northeast-2.amazonaws.com/diary/24/efb1285c-df0e-4186-915a-a878013c6c63.png','2023-08-15 15:31:51','2023-08-15 15:31:51'),(52,24,'오늘은 정말 멋진 날이었어요! 저는 마포를 먹었지요. 맛있는 마포종류를 먹으셨다니, 정말 부럽네요! 알람을 맞추시려고 하셨나요? 어떤 일 때문에 알람이 필요했나요? 하루하루가 더욱 살아갈 가치가 있는 거죠. 피곤하지만 이렇게 살아있는 것에 감사해요.','https://s3-hotsix.s3.ap-northeast-2.amazonaws.com/diary/24/b920dafd-2d11-43fe-bc3d-d0f7cb40dc7a.png','2023-08-15 15:31:54','2023-08-15 15:31:54'),(53,24,'오늘은 정말 멋진 날이었어요! 저는 마포를 먹었지요. 맛있는 마포종류를 먹으셨다니, 정말 부럽네요! 알람을 맞추시려고 하셨나요? 어떤 일 때문에 알람이 필요했나요? 하루하루가 더욱 살아갈 가치가 있는 거죠. 피곤하지만 이렇게 살아있는 것에 감사해요.','https://s3-hotsix.s3.ap-northeast-2.amazonaws.com/diary/24/c63c5255-4d26-40f6-a56c-367dc675e29e.png','2023-08-15 15:32:03','2023-08-15 15:32:03'),(54,24,'오늘은 정말 멋진 날이었어요! 저는 마포를 먹었지요. 맛있는 마포종류를 먹으셨다니, 정말 부럽네요! 알람을 맞추시려고 하셨나요? 어떤 일 때문에 알람이 필요했나요? 하루하루가 더욱 살아갈 가치가 있는 거죠. 피곤하지만 이렇게 살아있는 것에 감사해요.','https://s3-hotsix.s3.ap-northeast-2.amazonaws.com/diary/24/8333d95b-2461-4aa7-b144-5c8947e2b920.png','2023-08-15 15:33:27','2023-08-15 15:33:27'),(55,24,'오늘은 정말 멋진 날이었어요! 저는 마포를 먹었지요. 맛있는 마포종류를 먹으셨다니, 정말 부럽네요! 알람을 맞추시려고 하셨나요? 어떤 일 때문에 알람이 필요했나요? 하루하루가 더욱 살아갈 가치가 있는 거죠. 피곤하지만 이렇게 살아있는 것에 감사해요.','https://s3-hotsix.s3.ap-northeast-2.amazonaws.com/diary/24/239f318b-25ac-46ee-9308-2bce78070ecd.png','2023-08-15 15:33:37','2023-08-15 15:33:37'),(56,24,'하루가 다 가고 또 하루가 시작되었어요. 오늘은 소중한 순간이었는데요, 지퍼를 먹은 경험이 있답니다! 뭔가 다른 맛의 효과가 있을까요? 정말 궁금하고 흥미로운 일이었어요. 하루 더 행복했던 날이었어요!','https://s3-hotsix.s3.ap-northeast-2.amazonaws.com/diary/24/84262ece-9c6e-4589-8d9c-b0ca7c6a0389.png','2023-08-15 15:35:33','2023-08-15 15:35:33'),(57,24,'오늘 어플을 다운로드해서 사용해봤어요. 그 어플은 건강 관리에 도움이 되는 기능이 많아요. 걷기, 운동, 식습관 등을 관리할 수 있어요. \n매일 나의 건강 상태를 체크하고, 목표를 설정하면 더욱 더 건강하고 활기찬 삶을 즐길 수 있어서 기분이 좋아요. \n나이가 들어가도 새로운 시도와 도전을 할 수 있어서 참 행복한 일이에요. \n올해의 목표 중 하나는 건강을 유지하고 더 많은 활동을 하는 것인데, 어플이 그 목표 달성에 큰 도움이 될 것 같아요.','https://s3-hotsix.s3.ap-northeast-2.amazonaws.com/diary/24/e49742f2-e080-47d6-824e-638061a5faf8.png','2023-08-15 15:43:18','2023-08-15 15:43:18'),(58,24,'오늘은 정말 놀라운 하루였어요. 이전에 저를 공격해오던 힘들고 부정적인 일들을 다 이겨 냈어요. 그래서 지금은 정말 기분이 좋아요! 미래에도 더 많은 즐거운 일들이 찾아오기를 바래봐요. 저는 믿어요, 우리는 언제나 긍정적으로 생각하고 낙천적인 마음으로 앞으로 나아갈 수 있어요! 그래서 매일이 새로운 기회로 가득 찬다는 거에요. 긍정적인 마음으로 미래를 기대해요!','https://s3-hotsix.s3.ap-northeast-2.amazonaws.com/diary/24/5cd3a8a9-87b2-4b1a-b7ea-9f1b717d7c41.png','2023-08-16 00:16:09','2023-08-16 00:16:09'),(59,24,'오늘은 그림을 그리면서 말에 대해 생각해봤어요. 저는 다양한 종류의 그림을 좋아하고 특별한 주제는 없어요. 오늘은 특히 만 원에 대해 생각했는데, 글자로 표현하기 어려운 멋진 것들이 많다는 걸 깨달았어요. 이것도 궁금증을 가지고 배우고 싶은 것이에요. 아직 해결하지 못한 이 문제에 대해서는 어떻게 고칠 수 있을지 생각해봐야 할 것 같아요.','https://s3-hotsix.s3.ap-northeast-2.amazonaws.com/diary/24/f236a45a-1992-4ac2-b861-b9f33e8a34b0.png','2023-08-16 00:18:12','2023-08-16 00:18:12'),(60,24,'오늘은 친구랑 시장에 갔어요. 풍성한 과일과 신선한 야채가 많이 팔렸어요. 기분은 좋아요! 새로운 경험을 많이 했어요.','https://s3-hotsix.s3.ap-northeast-2.amazonaws.com/diary/24/b53cbbb5-6837-42b9-bfac-81cc905d996f.png','2023-08-16 01:28:22','2023-08-16 01:28:22'),(61,24,'오늘은 친구랑 시장에 갔어요. 풍성한 과일과 신선한 야채가 많이 팔렸어요. 기분은 좋아요! 새로운 경험을 많이 했어요.','https://s3-hotsix.s3.ap-northeast-2.amazonaws.com/diary/24/93ca55ed-ff53-466c-8936-63fada90f3ee.png','2023-08-16 01:29:24','2023-08-16 01:29:24'),(62,24,'오늘은 친구와 함께 시장에 가서 재미있는 시간을 보냈어. 부곡 시장은 정말 다양한 물건들이 있어서 놀랐어. 나는 된장찌개를 만들기 위해 호박과 두부를 사러 갔어. 오늘도 즐겁고 유익한 하루였어!','https://s3-hotsix.s3.ap-northeast-2.amazonaws.com/diary/24/bfc2576a-3125-4660-81db-9b3acad3ac16.png','2023-08-16 01:30:17','2023-08-16 01:30:17'),(63,24,'오늘은 친구와 함께 부곡시장에 갔어요. 시장에 가는 것은 참으로 오랜만이었지만, 흥미로웠어요. 저는 무얼 사러 갔냐면요,된장찌개를 하려고 호박과 두부를 사러 갔어요. 시장에서 신선한 농산물과 재료를 구할 수 있다는 것은 참 기분 좋은 일이에요. 오늘도 산책과 장보기를 통해 새로운 에너지를 얻었어요. 늘 젊고 건강하게 지내도록 노력할게요!','https://s3-hotsix.s3.ap-northeast-2.amazonaws.com/diary/24/6a914a2e-6c91-4960-a57f-6788abc7d35a.png','2023-08-16 02:18:59','2023-08-16 02:18:59'),(65,40,'오늘은 정말 행복한 하루였어요! 일찍 일어나기 어려웠는데 늦잠을 잘 수 있어서 기분 좋아요. 이제 일상에 활력을 더할 준비가 되었어요. 오늘도 흥미로운 일들이 많이 있을거에요!','https://s3-hotsix.s3.ap-northeast-2.amazonaws.com/diary/40/0da3dee6-656d-4dbe-8606-0d252457f697.png','2023-08-16 07:24:10','2023-08-16 07:24:10'),(66,32,'오늘은 출근 후에 맛있는 밥을 먹었어요. 광어 메밀국수였답니다. 메밀국수를 어떻게 먹을지 고민하셨는데, 저는 차갑게 냉면으로 즐겨보기로 했어요. 국물이 시원하고 상큼한 맛이라 맛있게 먹었답니다. 오늘도 행복한 하루였어요!','https://s3-hotsix.s3.ap-northeast-2.amazonaws.com/diary/32/14e78856-ec08-471c-898e-f8e6e736e208.png','2023-08-16 08:32:52','2023-08-16 08:32:52'),(67,32,'오늘은 정말 즐거운 하루였어요. 풋살을 즐기는 것은 저에게 큰 기쁨이에요. 공을 빨리 차는 포지션을 선호해요. 지금까지 6개월 동안 풋살을 즐겨왔어요. 시간을 들여서 연습하진 않았지만, 재미있게 뛰는 것이 제 최우선 목표에요. 매일 새로운 사람들과 함께하는 게 참 좋아요.','https://s3-hotsix.s3.ap-northeast-2.amazonaws.com/diary/32/9ca9fa39-a88a-4098-a513-e941635bffbf.png','2023-08-16 15:24:34','2023-08-16 15:24:34'),(68,32,'오늘은 힘이 없다고 생각했지만, 왜 그런지는 잘 모르겠어요. 아침에 밥을 못 먹었는데, 왜 그런지 이유를 설명하지 않았어요. 힘들 때는 어떻게 스트레스를 푸시나요?','https://s3-hotsix.s3.ap-northeast-2.amazonaws.com/diary/32/0ae0d67f-3998-4182-a4b0-034c30f640ef.png','2023-08-16 15:29:28','2023-08-16 15:29:28'),(69,32,'오늘은 일이 끝난 후 보컬 수업을 했어요. 보컬 수업은 언제나 즐겁고 흥미로워요. 오늘은 락 장르를 연습했어요. 영국의 오아시스 밴드를 좋아해서 그들의 곡들을 불렀어요. 저에게는 음악이 항상 기분을 좋게 만들어주고 많은 의미를 주는 행복한 취미입니다!','https://s3-hotsix.s3.ap-northeast-2.amazonaws.com/diary/32/dcc6b2e0-5077-445e-b0bc-0ed0de7ed702.png','2023-08-16 15:31:26','2023-08-16 15:31:26'),(70,32,'오늘은 밤을 새우며 코드를 짜고 있어요. 제가 작성하는 코드는 웹 개발에 관련된 것들이에요. 기술적인 문제를 만나면, 인터넷이나 책을 참고하며 해결 방법을 찾아보고요. 저는 CSS 속성을 수정하면서 디자인을 개선해보았어요. 폰트, 색상, 여백 등 모든 속성을 다뤄보았답니다. 새로운 것을 배우고 시도하면서 늘 즐거운 시간을 가지고 있어요!','https://s3-hotsix.s3.ap-northeast-2.amazonaws.com/diary/32/231e8284-823f-4a60-989d-3cd00719dc87.png','2023-08-16 16:33:58','2023-08-16 16:33:58'),(71,32,'오늘은 최근에 시작한 리액트 프로젝트에 대해 코드를 작성하는데 밤을 새보았어요. 리액트는 정말 흥미로운 기술이에요. 내가 만들고자 하는 기능은 이미 완료됐어요, 그래서 도움이 필요없네요. 하지만 계속해서 배우고 새로운 도전에 도전하는 것은 저에게 큰 기쁨을 주고 있어요. 매일 새로운 일에 열정을 가지고 살아가는 것이 참 훌륭하다고 생각해요!','https://s3-hotsix.s3.ap-northeast-2.amazonaws.com/diary/32/0dc4f553-eb67-4a24-8873-51bdfee2e5bd.png','2023-08-16 16:52:27','2023-08-16 16:52:27'),(72,32,'나의 나이에도 불구하고 밤을 새우는 날들이 있어서 기쁘구나. 나는 사회에 도움이 되는 프로젝트를 하고 있어. 이 프로젝트는 사람들에게 도움을 주기 위해 노력하고 있어. 나이가 들어도 여전히 목표를 가지고 살고 있어서 행복하구나. 나이가 점점 들어가더라도 우리는 계속해서 세상을 변화시킬 수 있는 존재이지 않을까?','https://s3-hotsix.s3.ap-northeast-2.amazonaws.com/diary/32/44753aaf-730c-4818-9c43-5b23b8019926.png','2023-08-16 16:56:48','2023-08-16 16:56:48'),(73,32,'오늘도 저의 일기를 써내려 가지만, 멋진 변화를 이루기 위해 즐겁게 작업하고 있어 기분이 좋습니다. CSS를 사용하여 웹사이트를 개선하고 있는데, 작은 어려움은 있지만 그래도 해결책을 찾아가고 있습니다. 하지만 프로젝트로 인해 피곤한 하루였습니다. 그래도 남은 시간을 이용하여 작업에 전념할 예정입니다. 오늘 역시 사랑으로 가득한 하루였습니다.','https://s3-hotsix.s3.ap-northeast-2.amazonaws.com/diary/32/3ff113ee-a9e0-4ed7-bfa6-058ed2260361.png','2023-08-16 18:55:02','2023-08-16 18:55:02'),(74,32,'오늘은 정말 활기찬 하루였어요! 저는 항상 새로운 경험을 열려 하고 있어요. 이번에는 어떤 열기를 품으려고 하시나요? 오늘도 즐거운 하루 되세요!','https://s3-hotsix.s3.ap-northeast-2.amazonaws.com/diary/32/f4810d58-61c7-4957-bc04-eb1510bc36e1.png','2023-08-17 01:46:09','2023-08-17 01:46:09'),(75,32,'오늘은 프로젝트를 마무리했어요. 훌륭한 일들을 해냈지만, 이제는 새로운 계획이 필요할 것 같아요. 그렇지만 저는 계획을 세우지 않았을 때 더 많은 자유를 느꼈어요. 여가 시간에는 주로 아무것도 하지 않는데요, 그래도 저는 오늘도 행복한 하루를 보냈다고 생각해요! 이렇게 나이 들었지만, 긍정적인 마음으로 매일을 즐기고 있어요.','https://s3-hotsix.s3.ap-northeast-2.amazonaws.com/diary/32/098f5dd5-69f7-4d06-b53f-f09ad1a28a44.png','2023-08-17 01:51:57','2023-08-17 01:51:57'),(76,32,'오늘은 프로젝트를 마무리했어요. 훌륭한 일들을 해냈지만, 이제는 새로운 계획이 필요할 것 같아요. 그렇지만 저는 계획을 세우지 않았을 때 더 많은 자유를 느꼈어요. 여가 시간에는 주로 아무것도 하지 않는데요, 그래도 저는 오늘도 행복한 하루를 보냈다고 생각해요! 이렇게 나이 들었지만, 긍정적인 마음으로 매일을 즐기고 있어요.','https://s3-hotsix.s3.ap-northeast-2.amazonaws.com/diary/32/98f91fa7-f0a2-425e-84a7-f04e0cd3823a.png','2023-08-17 01:54:04','2023-08-17 01:54:04'),(77,32,'오늘은 프로젝트를 마무리했어요. 무슨 내용이었냐면 공부와 학습이 주제였어요. 저는 최근에 새로운 공부를 시작해보았어요. 일부는 잘 되지 않지만, 긍정적으로 생각하고 노력하고 있어요. 오늘도 힘들지만 낙관적인 마음으로 계속 나아갈 거예요!','https://s3-hotsix.s3.ap-northeast-2.amazonaws.com/diary/32/baeba79d-3791-4be3-a367-d825d2ebd4f3.png','2023-08-17 01:55:10','2023-08-17 01:55:10'),(78,32,'오늘은 프로젝트를 마무리했어요. 무슨 내용이었냐면 공부와 학습이 주제였어요. 저는 최근에 새로운 공부를 시작해보았어요. 일부는 잘 되지 않지만, 긍정적으로 생각하고 노력하고 있어요. 오늘도 힘들지만 낙관적인 마음으로 계속 나아갈 거예요!','https://s3-hotsix.s3.ap-northeast-2.amazonaws.com/diary/32/1bf48bea-ce84-49d5-b1bd-07dc508e5711.png','2023-08-17 01:56:13','2023-08-17 01:56:13'),(79,32,'오늘은 프로젝트를 마무리했어요. 무슨 내용이었냐면 공부와 학습이 주제였어요. 저는 최근에 새로운 공부를 시작해보았어요. 일부는 잘 되지 않지만, 긍정적으로 생각하고 노력하고 있어요. 오늘도 힘들지만 낙관적인 마음으로 계속 나아갈 거예요!','https://s3-hotsix.s3.ap-northeast-2.amazonaws.com/diary/32/eacd2978-823c-4087-b309-6ea6fdc0a6c6.png','2023-08-17 01:56:22','2023-08-17 01:56:22'),(80,32,'오늘은 프로젝트를 마무리했어요. 무슨 내용이었냐면 공부와 학습이 주제였어요. 저는 최근에 새로운 공부를 시작해보았어요. 일부는 잘 되지 않지만, 긍정적으로 생각하고 노력하고 있어요. 오늘도 힘들지만 낙관적인 마음으로 계속 나아갈 거예요!','https://s3-hotsix.s3.ap-northeast-2.amazonaws.com/diary/32/dfc0c7b1-31ff-49f3-88d2-c7aca6811651.png','2023-08-17 01:58:24','2023-08-17 01:58:24'),(81,32,'오늘은 프로젝트를 마무리했어요. 무슨 내용이었냐면 공부와 학습이 주제였어요. 저는 최근에 새로운 공부를 시작해보았어요. 일부는 잘 되지 않지만, 긍정적으로 생각하고 노력하고 있어요. 오늘도 힘들지만 낙관적인 마음으로 계속 나아갈 거예요!','https://s3-hotsix.s3.ap-northeast-2.amazonaws.com/diary/32/1ca0e179-1981-44dc-8bfa-078eb8108c5b.png','2023-08-17 01:58:35','2023-08-17 01:58:35'),(82,32,'오늘은 프로젝트를 마무리했어요. 무슨 내용이었냐면 공부와 학습이 주제였어요. 저는 최근에 새로운 공부를 시작해보았어요. 일부는 잘 되지 않지만, 긍정적으로 생각하고 노력하고 있어요. 오늘도 힘들지만 낙관적인 마음으로 계속 나아갈 거예요!','https://s3-hotsix.s3.ap-northeast-2.amazonaws.com/diary/32/168c9120-6464-483f-8c9e-1155f9bca736.png','2023-08-17 01:59:34','2023-08-17 01:59:34'),(83,32,'오늘은 프로젝트를 마무리했어요. 무슨 내용이었냐면 공부와 학습이 주제였어요. 저는 최근에 새로운 공부를 시작해보았어요. 일부는 잘 되지 않지만, 긍정적으로 생각하고 노력하고 있어요. 오늘도 힘들지만 낙관적인 마음으로 계속 나아갈 거예요!','https://s3-hotsix.s3.ap-northeast-2.amazonaws.com/diary/32/084d87ee-38f8-4caa-ae78-c09794efa4d0.png','2023-08-17 01:59:42','2023-08-17 01:59:42'),(84,32,'오늘은 프로젝트를 마무리했어요. 무슨 내용이었냐면 공부와 학습이 주제였어요. 저는 최근에 새로운 공부를 시작해보았어요. 일부는 잘 되지 않지만, 긍정적으로 생각하고 노력하고 있어요. 오늘도 힘들지만 낙관적인 마음으로 계속 나아갈 거예요!','https://s3-hotsix.s3.ap-northeast-2.amazonaws.com/diary/32/c9fc48eb-0bd9-4982-89af-2305428fd3cf.png','2023-08-17 02:00:36','2023-08-17 02:00:36'),(85,32,'오늘은 프로젝트를 마무리했어요. 무슨 내용이었냐면 공부와 학습이 주제였어요. 저는 최근에 새로운 공부를 시작해보았어요. 일부는 잘 되지 않지만, 긍정적으로 생각하고 노력하고 있어요. 오늘도 힘들지만 낙관적인 마음으로 계속 나아갈 거예요!','https://s3-hotsix.s3.ap-northeast-2.amazonaws.com/diary/32/def9e363-238f-41bf-b497-35ea05028bbe.png','2023-08-17 02:00:43','2023-08-17 02:00:43'),(86,32,'오늘은 프로젝트를 마무리했어요. 무슨 내용이었냐면 공부와 학습이 주제였어요. 저는 최근에 새로운 공부를 시작해보았어요. 일부는 잘 되지 않지만, 긍정적으로 생각하고 노력하고 있어요. 오늘도 힘들지만 낙관적인 마음으로 계속 나아갈 거예요!','https://s3-hotsix.s3.ap-northeast-2.amazonaws.com/diary/32/b167820a-fb5b-4864-8232-b3f8a1835bdd.png','2023-08-17 02:00:44','2023-08-17 02:00:44'),(87,32,'오늘은 프로젝트를 마무리했어요. 무슨 내용이었냐면 공부와 학습이 주제였어요. 저는 최근에 새로운 공부를 시작해보았어요. 일부는 잘 되지 않지만, 긍정적으로 생각하고 노력하고 있어요. 오늘도 힘들지만 낙관적인 마음으로 계속 나아갈 거예요!','https://s3-hotsix.s3.ap-northeast-2.amazonaws.com/diary/32/96505dd3-ce8b-4803-9794-21b5b4a43819.png','2023-08-17 02:00:52','2023-08-17 02:00:52'),(88,32,'오늘은 프로젝트를 마무리했어요. 무슨 내용이었냐면 공부와 학습이 주제였어요. 저는 최근에 새로운 공부를 시작해보았어요. 일부는 잘 되지 않지만, 긍정적으로 생각하고 노력하고 있어요. 오늘도 힘들지만 낙관적인 마음으로 계속 나아갈 거예요!','https://s3-hotsix.s3.ap-northeast-2.amazonaws.com/diary/32/ca171298-d692-49da-b5c6-026332c4f770.png','2023-08-17 02:04:22','2023-08-17 02:04:22'),(89,32,'오늘은 프로젝트를 마무리했어요. 무슨 내용이었냐면 공부와 학습이 주제였어요. 저는 최근에 새로운 공부를 시작해보았어요. 일부는 잘 되지 않지만, 긍정적으로 생각하고 노력하고 있어요. 오늘도 힘들지만 낙관적인 마음으로 계속 나아갈 거예요!','https://s3-hotsix.s3.ap-northeast-2.amazonaws.com/diary/32/8b289529-eee3-44c2-b07a-5c811f256881.png','2023-08-17 02:04:30','2023-08-17 02:04:30'),(90,32,'오늘은 프로젝트를 마무리했어요. 무슨 내용이었냐면 공부와 학습이 주제였어요. 저는 최근에 새로운 공부를 시작해보았어요. 일부는 잘 되지 않지만, 긍정적으로 생각하고 노력하고 있어요. 오늘도 힘들지만 낙관적인 마음으로 계속 나아갈 거예요!','https://s3-hotsix.s3.ap-northeast-2.amazonaws.com/diary/32/1cdbcafb-ce1b-465b-93cf-2e6cc769fb51.png','2023-08-17 02:08:59','2023-08-17 02:08:59'),(91,32,'오늘은 프로젝트를 마무리했어요. 무슨 내용이었냐면 공부와 학습이 주제였어요. 저는 최근에 새로운 공부를 시작해보았어요. 일부는 잘 되지 않지만, 긍정적으로 생각하고 노력하고 있어요. 오늘도 힘들지만 낙관적인 마음으로 계속 나아갈 거예요!','https://s3-hotsix.s3.ap-northeast-2.amazonaws.com/diary/32/d4881c0b-f854-4f6a-aafe-2d1cdf4b01d4.png','2023-08-17 02:09:07','2023-08-17 02:09:07'),(92,32,'오늘은 프로젝트를 마무리했어요. 무슨 내용이었냐면 공부와 학습이 주제였어요. 저는 최근에 새로운 공부를 시작해보았어요. 일부는 잘 되지 않지만, 긍정적으로 생각하고 노력하고 있어요. 오늘도 힘들지만 낙관적인 마음으로 계속 나아갈 거예요!','https://s3-hotsix.s3.ap-northeast-2.amazonaws.com/diary/32/7d1aaff0-8304-4001-9cee-cd8845f1c876.png','2023-08-17 02:09:53','2023-08-17 02:09:53'),(93,32,'오늘은 프로젝트를 마무리했어요. 무슨 내용이었냐면 공부와 학습이 주제였어요. 저는 최근에 새로운 공부를 시작해보았어요. 일부는 잘 되지 않지만, 긍정적으로 생각하고 노력하고 있어요. 오늘도 힘들지만 낙관적인 마음으로 계속 나아갈 거예요!','https://s3-hotsix.s3.ap-northeast-2.amazonaws.com/diary/32/ccf09ae8-994d-4325-b97b-cd007e168fa5.png','2023-08-17 02:10:00','2023-08-17 02:10:00');
/*!40000 ALTER TABLE `diaries` ENABLE KEYS */;
UNLOCK TABLES;

--
-- Table structure for table `governments`
--

DROP TABLE IF EXISTS `governments`;
/*!40101 SET @saved_cs_client     = @@character_set_client */;
/*!50503 SET character_set_client = utf8mb4 */;
CREATE TABLE `governments` (
  `id` bigint(20) NOT NULL AUTO_INCREMENT,
  `role` bigint(20) NOT NULL,
  `identification` varchar(256) NOT NULL,
  `password` varchar(256) NOT NULL,
  `name` varchar(256) NOT NULL,
  `phone` varchar(256) NOT NULL,
  `address` varchar(256) NOT NULL,
  `email` varchar(256) NOT NULL,
  `created_at` timestamp NOT NULL DEFAULT current_timestamp(),
  `updated_at` timestamp NOT NULL DEFAULT current_timestamp() ON UPDATE current_timestamp(),
  PRIMARY KEY (`id`),
  UNIQUE KEY `uk_members_identification` (`identification`),
  KEY `fk_government_role` (`role`),
  CONSTRAINT `fk_government_role` FOREIGN KEY (`role`) REFERENCES `roles` (`id`) ON DELETE CASCADE ON UPDATE CASCADE
) ENGINE=InnoDB AUTO_INCREMENT=5 DEFAULT CHARSET=utf8mb4 COLLATE=utf8mb4_general_ci;
/*!40101 SET character_set_client = @saved_cs_client */;

--
-- Dumping data for table `governments`
--

LOCK TABLES `governments` WRITE;
/*!40000 ALTER TABLE `governments` DISABLE KEYS */;
INSERT INTO `governments` VALUES (2,2,'string','{bcrypt}$2a$10$Kx2CXaqbms3D7RMJWVl9OegaQvowNaAjXhnUPql7CMbcL/pJiIfdy','string','string','string','test@test.com','2023-08-02 09:34:35','2023-08-02 09:34:35'),(4,2,'E206','{bcrypt}$2a$10$QwK5s5PluzZRPMNjtkmyIe17IqKIAJzyDKOiZR9az0oIvybtuURsm','E206Name','010-1234-1234','부산시 강서구','seongho@gmail.com','2023-08-02 14:41:03','2023-08-02 14:41:03');
/*!40000 ALTER TABLE `governments` ENABLE KEYS */;
UNLOCK TABLES;

--
-- Table structure for table `homework_histories`
--

DROP TABLE IF EXISTS `homework_histories`;
/*!40101 SET @saved_cs_client     = @@character_set_client */;
/*!50503 SET character_set_client = utf8mb4 */;
CREATE TABLE `homework_histories` (
  `id` bigint(20) NOT NULL AUTO_INCREMENT,
  `member_id` bigint(20) NOT NULL,
  `theme_id` bigint(20) NOT NULL,
  `status_code` varchar(256) NOT NULL,
  `created_at` varchar(100) NOT NULL DEFAULT current_timestamp(),
  `updated_at` varchar(100) NOT NULL DEFAULT current_timestamp(),
  PRIMARY KEY (`id`),
  KEY `homework_histories_FK_1` (`theme_id`),
  KEY `homework_histories_FK_2` (`status_code`),
  KEY `homework_histories_FK` (`member_id`),
  CONSTRAINT `homework_histories_FK` FOREIGN KEY (`member_id`) REFERENCES `members` (`id`) ON DELETE CASCADE ON UPDATE CASCADE,
  CONSTRAINT `homework_histories_FK_1` FOREIGN KEY (`theme_id`) REFERENCES `themes` (`id`) ON UPDATE CASCADE,
  CONSTRAINT `homework_histories_FK_2` FOREIGN KEY (`status_code`) REFERENCES `common_codes` (`status_code`) ON UPDATE CASCADE
) ENGINE=InnoDB AUTO_INCREMENT=312 DEFAULT CHARSET=utf8mb4 COLLATE=utf8mb4_general_ci;
/*!40101 SET character_set_client = @saved_cs_client */;

--
-- Dumping data for table `homework_histories`
--

LOCK TABLES `homework_histories` WRITE;
/*!40000 ALTER TABLE `homework_histories` DISABLE KEYS */;
INSERT INTO `homework_histories` VALUES (7,4,30,'C03','2023-08-10 20:32:15','2023-08-10 20:32:15'),(8,4,31,'C03','2023-08-10 20:32:15','2023-08-10 20:32:15'),(9,4,32,'C03','2023-08-10 20:32:15','2023-08-10 20:32:15'),(10,4,33,'C03','2023-08-10 20:32:15','2023-08-10 20:32:15'),(11,4,34,'C03','2023-08-10 20:32:15','2023-08-10 20:32:15'),(12,4,25,'C03','2023-08-10 20:32:15','2023-08-10 20:32:15'),(13,4,26,'C03','2023-08-10 20:32:15','2023-08-10 20:32:15'),(15,4,28,'C02','2023-08-10 20:32:15','2023-08-10 20:32:15'),(17,4,20,'C01','2023-08-11 03:54:06','2023-08-11 03:54:06'),(19,7,18,'C01','2023-08-11 14:05:03','2023-08-11 14:05:03'),(20,4,30,'C01','2023-08-11 22:59:54','2023-08-11 22:59:54'),(23,7,30,'C01','2023-08-12 00:52:35','2023-08-12 00:52:35'),(24,19,30,'C01','2023-08-12 00:52:35','2023-08-12 00:52:35'),(25,7,30,'C01','2023-08-12 00:52:49','2023-08-12 00:52:49'),(26,19,30,'C01','2023-08-12 00:52:49','2023-08-12 00:52:49'),(27,7,30,'C01','2023-08-12 00:53:11','2023-08-12 00:53:11'),(28,19,30,'C01','2023-08-12 00:53:11','2023-08-12 00:53:11'),(29,11,30,'C01','2023-08-12 14:46:04','2023-08-12 14:46:04'),(30,16,30,'C01','2023-08-12 14:46:04','2023-08-12 14:46:04'),(31,17,30,'C01','2023-08-12 14:46:04','2023-08-12 14:46:04'),(32,18,30,'C01','2023-08-12 14:46:04','2023-08-12 14:46:04'),(33,19,30,'C01','2023-08-12 14:46:04','2023-08-12 14:46:04'),(34,4,31,'C01','2023-08-12 16:24:17','2023-08-12 16:24:17'),(35,7,31,'C01','2023-08-12 16:24:17','2023-08-12 16:24:17'),(37,18,31,'C01','2023-08-12 16:24:17','2023-08-12 16:24:17'),(38,4,32,'C01','2023-08-12 16:25:18','2023-08-12 16:25:18'),(39,7,32,'C01','2023-08-12 16:25:18','2023-08-12 16:25:18'),(41,18,32,'C01','2023-08-12 16:25:19','2023-08-12 16:25:19'),(42,18,25,'C01','2023-08-12 16:26:10','2023-08-12 16:26:10'),(43,4,34,'C01','2023-08-12 17:00:14','2023-08-12 17:00:14'),(44,7,34,'C01','2023-08-12 17:00:14','2023-08-12 17:00:14'),(46,18,34,'C01','2023-08-12 17:00:14','2023-08-12 17:00:14'),(47,19,33,'C01','2023-08-12 17:12:54','2023-08-12 17:12:54'),(49,4,33,'C01','2023-08-12 17:28:15','2023-08-12 17:28:15'),(50,7,33,'C01','2023-08-12 17:28:15','2023-08-12 17:28:15'),(52,18,33,'C01','2023-08-12 17:28:15','2023-08-12 17:28:15'),(53,4,25,'C01','2023-08-12 17:55:09','2023-08-12 17:55:09'),(54,7,25,'C01','2023-08-12 17:55:09','2023-08-12 17:55:09'),(56,18,25,'C01','2023-08-12 17:55:09','2023-08-12 17:55:09'),(57,4,21,'C01','2023-08-12 18:32:29','2023-08-12 18:32:29'),(58,7,21,'C01','2023-08-12 18:32:29','2023-08-12 18:32:29'),(60,18,21,'C01','2023-08-12 18:32:29','2023-08-12 18:32:29'),(61,4,27,'C01','2023-08-12 21:58:22','2023-08-12 21:58:22'),(62,7,27,'C01','2023-08-12 21:58:22','2023-08-12 21:58:22'),(64,18,27,'C01','2023-08-12 21:58:22','2023-08-12 21:58:22'),(65,24,27,'C01','2023-08-12 21:58:22','2023-08-12 21:58:22'),(66,18,31,'C01','2023-08-12 21:59:14','2023-08-12 21:59:14'),(67,11,25,'C01','2023-08-12 22:09:11','2023-08-12 22:09:11'),(68,16,25,'C01','2023-08-12 22:09:11','2023-08-12 22:09:11'),(69,17,25,'C01','2023-08-12 22:09:11','2023-08-12 22:09:11'),(70,18,25,'C01','2023-08-12 22:09:11','2023-08-12 22:09:11'),(71,11,30,'C01','2023-08-12 22:09:30','2023-08-12 22:09:30'),(72,16,30,'C01','2023-08-12 22:09:30','2023-08-12 22:09:30'),(73,17,30,'C01','2023-08-12 22:09:30','2023-08-12 22:09:30'),(74,18,30,'C01','2023-08-12 22:09:30','2023-08-12 22:09:30'),(75,19,31,'C01','2023-08-12 23:01:32','2023-08-12 23:01:32'),(76,19,35,'C01','2023-08-12 23:32:59','2023-08-12 23:32:59'),(77,18,31,'C01','2023-08-12 23:39:16','2023-08-12 23:39:16'),(78,18,32,'C01','2023-08-12 23:39:50','2023-08-12 23:39:50'),(79,18,32,'C01','2023-08-12 23:47:49','2023-08-12 23:47:49'),(80,18,33,'C01','2023-08-12 23:48:03','2023-08-12 23:48:03'),(81,18,33,'C01','2023-08-12 23:50:26','2023-08-12 23:50:26'),(82,18,32,'C01','2023-08-12 23:50:58','2023-08-12 23:50:58'),(84,18,30,'C01','2023-08-13 00:17:47','2023-08-13 00:17:47'),(85,19,34,'C01','2023-08-13 00:59:38','2023-08-13 00:59:38'),(86,19,26,'C01','2023-08-13 01:01:44','2023-08-13 01:01:44'),(87,19,26,'C01','2023-08-13 01:02:14','2023-08-13 01:02:14'),(89,19,21,'C01','2023-08-13 01:05:08','2023-08-13 01:05:08'),(90,19,35,'C01','2023-08-13 01:06:20','2023-08-13 01:06:20'),(91,19,31,'C01','2023-08-13 01:19:15','2023-08-13 01:19:15'),(92,19,33,'C01','2023-08-13 01:19:26','2023-08-13 01:19:26'),(94,19,21,'C01','2023-08-13 13:31:35.958292','2023-08-13 13:31:35.958286'),(96,19,23,'C01','2023-08-13 13:39:40.349936','2023-08-13 13:39:40.349931'),(98,19,27,'C01','2023-08-13 13:40:47.361518','2023-08-13 13:40:47.361512'),(100,19,25,'C01','2023-08-13 14:25:20.376574','2023-08-13 14:25:20.376567'),(102,19,22,'C01','2023-08-13 14:27:46.745316','2023-08-13 14:27:46.745310'),(104,19,24,'C01','2023-08-13 14:29:16.741920','2023-08-13 14:29:16.741915'),(106,19,28,'C01','2023-08-13 14:29:20.026609','2023-08-13 14:29:20.026602'),(108,19,34,'C01','2023-08-13 14:29:23.977845','2023-08-13 14:29:23.977839'),(110,19,27,'C01','2023-08-13 14:29:53.333526','2023-08-13 14:29:53.333519'),(111,4,28,'C01','2023-08-13 14:57:52.602871','2023-08-13 14:57:52.602864'),(112,7,28,'C01','2023-08-13 14:57:52.605225','2023-08-13 14:57:52.605220'),(114,18,28,'C01','2023-08-13 14:57:52.609490','2023-08-13 14:57:52.609486'),(115,24,28,'C01','2023-08-13 14:57:52.611672','2023-08-13 14:57:52.611665'),(116,18,30,'C01','2023-08-13 14:58:59.024870','2023-08-13 14:58:59.024865'),(117,4,26,'C01','2023-08-13 15:05:36.097800','2023-08-13 15:05:36.097794'),(118,7,26,'C01','2023-08-13 15:05:36.099972','2023-08-13 15:05:36.099968'),(120,18,26,'C01','2023-08-13 15:05:36.103993','2023-08-13 15:05:36.103989'),(121,24,26,'C01','2023-08-13 15:05:36.105947','2023-08-13 15:05:36.105943'),(122,19,32,'C01','2023-08-13 16:04:08.784479','2023-08-13 16:04:08.784473'),(123,19,19,'C01','2023-08-13 16:28:19.077701','2023-08-13 16:28:19.077696'),(124,19,26,'C01','2023-08-13 16:30:33.108141','2023-08-13 16:30:33.108135'),(125,19,21,'C01','2023-08-13 16:54:56.738301','2023-08-13 16:54:56.738294'),(126,19,16,'C01','2023-08-13 17:04:11.446581','2023-08-13 17:04:11.446575'),(127,19,26,'C01','2023-08-13 17:04:37.074537','2023-08-13 17:04:37.074530'),(128,19,20,'C01','2023-08-13 17:05:16.264322','2023-08-13 17:05:16.264316'),(129,19,19,'C01','2023-08-13 17:10:34.891107','2023-08-13 17:10:34.891101'),(130,19,30,'C01','2023-08-13 17:14:51.985518','2023-08-13 17:14:51.985510'),(131,11,35,'C01','2023-08-13 17:39:47.288436','2023-08-13 17:39:47.288430'),(132,16,35,'C01','2023-08-13 17:39:47.291291','2023-08-13 17:39:47.291286'),(133,17,35,'C01','2023-08-13 17:39:47.293748','2023-08-13 17:39:47.293743'),(134,18,35,'C01','2023-08-13 17:39:47.296227','2023-08-13 17:39:47.296222'),(135,11,30,'C01','2023-08-13 17:41:55.717600','2023-08-13 17:41:55.717594'),(136,16,30,'C01','2023-08-13 17:41:55.720688','2023-08-13 17:41:55.720684'),(137,17,30,'C01','2023-08-13 17:41:55.723109','2023-08-13 17:41:55.723104'),(138,18,30,'C01','2023-08-13 17:41:55.725621','2023-08-13 17:41:55.725616'),(139,18,32,'C01','2023-08-13 18:25:44.160176','2023-08-13 18:25:44.160168'),(140,18,31,'C01','2023-08-13 18:26:41.212822','2023-08-13 18:26:41.212815'),(141,18,35,'C01','2023-08-13 18:29:22.450509','2023-08-13 18:29:22.450503'),(142,18,21,'C01','2023-08-13 18:42:35.864602','2023-08-13 18:42:35.864596'),(143,4,20,'C01','2023-08-13 18:43:03.562575','2023-08-13 18:43:03.562567'),(144,7,20,'C01','2023-08-13 18:43:03.564851','2023-08-13 18:43:03.564846'),(146,18,20,'C01','2023-08-13 18:43:03.569175','2023-08-13 18:43:03.569170'),(147,24,20,'C01','2023-08-13 18:43:03.571358','2023-08-13 18:43:03.571354'),(148,4,30,'C01','2023-08-13 18:46:13.998956','2023-08-13 18:46:13.998951'),(149,7,30,'C01','2023-08-13 18:46:14.001137','2023-08-13 18:46:14.001132'),(151,18,30,'C01','2023-08-13 18:46:14.005705','2023-08-13 18:46:14.005700'),(152,24,30,'C01','2023-08-13 18:46:14.007963','2023-08-13 18:46:14.007958'),(153,18,17,'C01','2023-08-13 18:48:16.791488','2023-08-13 18:48:16.791483'),(154,18,29,'C01','2023-08-13 18:50:13.261888','2023-08-13 18:50:13.261883'),(156,18,34,'C01','2023-08-13 21:26:53.708552','2023-08-13 21:26:53.708546'),(157,18,29,'C01','2023-08-13 22:24:08.324469','2023-08-13 22:24:08.324462'),(158,18,27,'C01','2023-08-13 22:25:52.254055','2023-08-13 22:25:52.254048'),(159,18,17,'C01','2023-08-13 22:29:15.805729','2023-08-13 22:29:15.805722'),(160,18,27,'C01','2023-08-13 22:30:01.195859','2023-08-13 22:30:01.195854'),(161,18,28,'C01','2023-08-13 22:32:02.178378','2023-08-13 22:32:02.178370'),(162,18,19,'C01','2023-08-13 22:38:32.933100','2023-08-13 22:38:32.933095'),(163,18,28,'C01','2023-08-13 23:00:45.065560','2023-08-13 23:00:45.065554'),(164,18,26,'C01','2023-08-13 23:01:50.190371','2023-08-13 23:01:50.190362'),(165,18,31,'C01','2023-08-13 23:03:59.861153','2023-08-13 23:03:59.861144'),(166,18,27,'C01','2023-08-13 23:05:30.912954','2023-08-13 23:05:30.912948'),(167,18,18,'C01','2023-08-13 23:07:56.823701','2023-08-13 23:07:56.823691'),(168,19,18,'C01','2023-08-13 23:26:49.662731','2023-08-13 23:26:49.662723'),(169,19,33,'C01','2023-08-13 23:30:06.184878','2023-08-13 23:30:06.184871'),(170,19,27,'C01','2023-08-13 23:30:37.118346','2023-08-13 23:30:37.118339'),(171,18,16,'C01','2023-08-13 23:36:51.699459','2023-08-13 23:36:51.699453'),(172,18,26,'C01','2023-08-13 23:38:16.419192','2023-08-13 23:38:16.419183'),(173,18,31,'C01','2023-08-13 23:43:55.694442','2023-08-13 23:43:55.694435'),(174,18,28,'C01','2023-08-13 23:45:59.515054','2023-08-13 23:45:59.515047'),(175,19,32,'C01','2023-08-13 23:46:50.937976','2023-08-13 23:46:50.937970'),(176,18,26,'C01','2023-08-13 23:51:42.882148','2023-08-13 23:51:42.882141'),(177,18,34,'C01','2023-08-13 23:52:05.458721','2023-08-13 23:52:05.458711'),(178,18,33,'C01','2023-08-13 23:53:25.803389','2023-08-13 23:53:25.803380'),(179,18,32,'C01','2023-08-13 23:57:00.687503','2023-08-13 23:57:00.687496'),(180,18,34,'C01','2023-08-13 23:57:57.044548','2023-08-13 23:57:57.044537'),(181,19,33,'C01','2023-08-14 00:28:15.296271','2023-08-14 00:28:15.296252'),(182,19,23,'C01','2023-08-14 00:30:19.572510','2023-08-14 00:30:19.572505'),(183,19,34,'C01','2023-08-14 00:30:36.545866','2023-08-14 00:30:36.545861'),(184,19,30,'C01','2023-08-14 09:15:53.681286','2023-08-14 09:15:53.681280'),(185,19,17,'C01','2023-08-14 09:27:50.636654','2023-08-14 09:27:50.636646'),(186,18,31,'C01','2023-08-14 11:03:56.246803','2023-08-14 11:03:56.246796'),(187,19,31,'C01','2023-08-14 11:03:56.249308','2023-08-14 11:03:56.249303'),(188,18,26,'C01','2023-08-14 11:48:51.337390','2023-08-14 11:48:51.337381'),(190,18,18,'C01','2023-08-14 12:15:57.865870','2023-08-14 12:15:57.865861'),(192,19,22,'C01','2023-08-14 16:50:20.059309','2023-08-14 16:50:20.059300'),(193,19,29,'C01','2023-08-14 16:51:27.874824','2023-08-14 16:51:27.874817'),(194,19,18,'C01','2023-08-14 17:20:37.614148','2023-08-14 17:20:37.614141'),(195,19,27,'C01','2023-08-14 17:21:00.053292','2023-08-14 17:21:00.053285'),(196,18,21,'C01','2023-08-14 20:06:15.043982','2023-08-14 20:06:15.043974'),(197,18,35,'C01','2023-08-14 21:26:12.316247','2023-08-14 21:26:12.316241'),(198,18,28,'C01','2023-08-14 22:47:15.974499','2023-08-14 22:47:15.974494'),(199,18,22,'C01','2023-08-14 22:47:54.442694','2023-08-14 22:47:54.442687'),(200,18,25,'C01','2023-08-14 22:50:09.780899','2023-08-14 22:50:09.780893'),(201,18,20,'C01','2023-08-14 22:50:31.572880','2023-08-14 22:50:31.572874'),(202,18,20,'C01','2023-08-14 22:51:27.261365','2023-08-14 22:51:27.261359'),(203,18,29,'C01','2023-08-14 22:53:41.760663','2023-08-14 22:53:41.760658'),(204,18,20,'C01','2023-08-14 23:09:50.962629','2023-08-14 23:09:50.962623'),(206,18,23,'C01','2023-08-14 23:38:21.750913','2023-08-14 23:38:21.750907'),(207,19,22,'C01','2023-08-14 23:45:09.504962','2023-08-14 23:45:09.504955'),(208,16,20,'C01','2023-08-14 23:49:28.380398','2023-08-14 23:49:28.380391'),(209,16,30,'C01','2023-08-14 23:51:24.344837','2023-08-14 23:51:24.344831'),(210,18,21,'C01','2023-08-15 00:19:42.695262','2023-08-15 00:19:42.695254'),(211,18,23,'C01','2023-08-15 00:33:43.174466','2023-08-15 00:33:43.174457'),(214,19,28,'C01','2023-08-15 01:21:32.117394','2023-08-15 01:21:32.117386'),(215,19,31,'C01','2023-08-15 20:57:44.392926','2023-08-15 20:57:44.392922'),(216,19,31,'C01','2023-08-15 21:01:41.854584','2023-08-15 21:01:41.854579'),(217,19,25,'C01','2023-08-15 21:04:13.497305','2023-08-15 21:04:13.497299'),(218,4,29,'C01','2023-08-16 00:57:52.378105','2023-08-16 00:57:52.378097'),(219,18,29,'C01','2023-08-16 00:57:52.380687','2023-08-16 00:57:52.380682'),(220,24,29,'C01','2023-08-16 00:57:52.382695','2023-08-16 00:57:52.382690'),(221,18,35,'C01','2023-08-16 00:58:20.467510','2023-08-16 00:58:20.467506'),(222,18,35,'C01','2023-08-16 01:16:47.628248','2023-08-16 01:16:47.628244'),(223,4,17,'C01','2023-08-16 01:21:12.407502','2023-08-16 01:21:12.407497'),(224,18,17,'C01','2023-08-16 01:21:12.409749','2023-08-16 01:21:12.409746'),(225,24,17,'C01','2023-08-16 01:21:12.411811','2023-08-16 01:21:12.411808'),(226,18,24,'C01','2023-08-16 01:28:34.430863','2023-08-16 01:28:34.430860'),(227,18,22,'C01','2023-08-16 01:29:27.856464','2023-08-16 01:29:27.856459'),(230,18,29,'C01','2023-08-16 01:32:03.617650','2023-08-16 01:32:03.617647'),(231,18,24,'C01','2023-08-16 01:32:48.308545','2023-08-16 01:32:48.308543'),(234,18,25,'C01','2023-08-16 01:35:25.287719','2023-08-16 01:35:25.287714'),(235,7,27,'C01','2023-08-16 09:27:28.314492','2023-08-16 09:27:28.314489'),(236,11,27,'C01','2023-08-16 09:27:28.316873','2023-08-16 09:27:28.316870'),(237,19,27,'C01','2023-08-16 09:27:28.318960','2023-08-16 09:27:28.318957'),(239,19,33,'C01','2023-08-16 09:29:12.866998','2023-08-16 09:29:12.866993'),(240,19,29,'C01','2023-08-16 09:30:36.214446','2023-08-16 09:30:36.214442'),(241,19,30,'C01','2023-08-16 09:31:40.303389','2023-08-16 09:31:40.303385'),(242,19,25,'C01','2023-08-16 09:32:15.160400','2023-08-16 09:32:15.160396'),(243,18,31,'C01','2023-08-16 09:44:14.357734','2023-08-16 09:44:14.357731'),(244,18,26,'C01','2023-08-16 09:51:06.751436','2023-08-16 09:51:06.751432'),(245,18,20,'C01','2023-08-16 09:51:43.833831','2023-08-16 09:51:43.833826'),(246,18,31,'C01','2023-08-16 10:36:31.514039','2023-08-16 10:36:31.514035'),(247,18,31,'C01','2023-08-16 10:37:48.267189','2023-08-16 10:37:48.267184'),(250,18,35,'C01','2023-08-16 10:46:21.754123','2023-08-16 10:46:21.754117'),(253,18,25,'C01','2023-08-16 11:04:12.274493','2023-08-16 11:04:12.274490'),(254,18,32,'C01','2023-08-16 11:06:11.331387','2023-08-16 11:06:11.331383'),(257,18,32,'C01','2023-08-16 11:08:25.742230','2023-08-16 11:08:25.742225'),(258,18,25,'C01','2023-08-16 11:13:04.455244','2023-08-16 11:13:04.455239'),(261,18,17,'C01','2023-08-16 11:13:37.265504','2023-08-16 11:13:37.265500'),(262,18,31,'C01','2023-08-16 11:16:34.845705','2023-08-16 11:16:34.845702'),(263,18,32,'C01','2023-08-16 11:17:41.082702','2023-08-16 11:17:41.082699'),(264,18,32,'C01','2023-08-16 11:24:16.287365','2023-08-16 11:24:16.287362'),(265,18,19,'C01','2023-08-16 11:42:16.906665','2023-08-16 11:42:16.906660'),(266,18,26,'C01','2023-08-16 12:17:33.105976','2023-08-16 12:17:33.105975'),(267,18,34,'C01','2023-08-16 12:22:09.501367','2023-08-16 12:22:09.501363'),(268,18,33,'C01','2023-08-16 12:24:42.943687','2023-08-16 12:24:42.943683'),(269,19,33,'C01','2023-08-16 12:26:01.962882','2023-08-16 12:26:01.962879'),(270,18,34,'C01','2023-08-16 12:26:42.619958','2023-08-16 12:26:42.619955'),(271,18,34,'C01','2023-08-16 12:28:02.440622','2023-08-16 12:28:02.440618'),(274,18,33,'C01','2023-08-16 12:31:31.794785','2023-08-16 12:31:31.794782'),(275,19,22,'C01','2023-08-16 12:36:50.453505','2023-08-16 12:36:50.453501'),(276,19,27,'C01','2023-08-16 14:52:20.678421','2023-08-16 14:52:20.678413'),(277,19,29,'C01','2023-08-16 14:59:54.225370','2023-08-16 14:59:54.225361'),(278,16,34,'C01','2023-08-16 15:01:12.554433','2023-08-16 15:01:12.554425'),(279,17,34,'C01','2023-08-16 15:01:12.557317','2023-08-16 15:01:12.557312'),(280,18,34,'C01','2023-08-16 15:01:12.559438','2023-08-16 15:01:12.559433'),(283,16,34,'C01','2023-08-16 15:01:12.685052','2023-08-16 15:01:12.685043'),(284,17,34,'C01','2023-08-16 15:01:12.687610','2023-08-16 15:01:12.687604'),(285,18,34,'C01','2023-08-16 15:01:12.689774','2023-08-16 15:01:12.689768'),(288,16,34,'C01','2023-08-16 15:01:29.244546','2023-08-16 15:01:29.244538'),(289,17,34,'C01','2023-08-16 15:01:29.246798','2023-08-16 15:01:29.246793'),(290,18,34,'C01','2023-08-16 15:01:29.248900','2023-08-16 15:01:29.248894'),(293,19,20,'C01','2023-08-16 15:07:57.785678','2023-08-16 15:07:57.785670'),(294,7,23,'C01','2023-08-16 15:11:15.873922','2023-08-16 15:11:15.873914'),(295,11,23,'C01','2023-08-16 15:11:15.876161','2023-08-16 15:11:15.876155'),(298,19,19,'C01','2023-08-16 15:15:18.227686','2023-08-16 15:15:18.227679'),(299,19,22,'C01','2023-08-16 16:02:11.631915','2023-08-16 16:02:11.631910'),(300,18,26,'C01','2023-08-16 16:03:25.621981','2023-08-16 16:03:25.621974'),(302,19,26,'C01','2023-08-16 16:06:23.726815','2023-08-16 16:06:23.726808'),(303,19,35,'C01','2023-08-16 16:07:56.709877','2023-08-16 16:07:56.709869'),(304,19,23,'C01','2023-08-16 16:13:53.440458','2023-08-16 16:13:53.440452'),(305,19,27,'C01','2023-08-16 16:19:15.311935','2023-08-16 16:19:15.311927'),(306,19,35,'C01','2023-08-16 17:00:17.356052','2023-08-16 17:00:17.356045'),(307,19,35,'C01','2023-08-16 17:01:49.034608','2023-08-16 17:01:49.034601'),(308,19,24,'C01','2023-08-16 17:02:40.509150','2023-08-16 17:02:40.509142'),(309,19,35,'C01','2023-08-16 17:06:05.002875','2023-08-16 17:06:05.002871'),(310,18,30,'C01','2023-08-17 10:20:57.574603','2023-08-17 10:20:57.574595'),(311,19,18,'C01','2023-08-17 10:23:46.100424','2023-08-17 10:23:46.100417');
/*!40000 ALTER TABLE `homework_histories` ENABLE KEYS */;
UNLOCK TABLES;

--
-- Table structure for table `lecture_learning_histories`
--

DROP TABLE IF EXISTS `lecture_learning_histories`;
/*!40101 SET @saved_cs_client     = @@character_set_client */;
/*!50503 SET character_set_client = utf8mb4 */;
CREATE TABLE `lecture_learning_histories` (
  `id` bigint(20) NOT NULL AUTO_INCREMENT,
  `class_id` bigint(20) DEFAULT NULL,
  `created_at` timestamp NOT NULL DEFAULT current_timestamp(),
  `updated_at` timestamp NOT NULL DEFAULT current_timestamp(),
  `teacher_id` bigint(20) NOT NULL,
  `curriculum_id` bigint(20) DEFAULT NULL,
  PRIMARY KEY (`id`),
  KEY `fk_lecture_histories_classes` (`class_id`),
  KEY `lecture_learning_histories_FK` (`teacher_id`),
  KEY `lecture_learning_histories_FK_1` (`curriculum_id`),
  CONSTRAINT `fk_lecture_histories_classes` FOREIGN KEY (`class_id`) REFERENCES `classes` (`id`) ON UPDATE CASCADE,
  CONSTRAINT `lecture_learning_histories_FK` FOREIGN KEY (`teacher_id`) REFERENCES `members` (`id`) ON DELETE CASCADE ON UPDATE CASCADE,
  CONSTRAINT `lecture_learning_histories_FK_1` FOREIGN KEY (`curriculum_id`) REFERENCES `themes` (`id`) ON UPDATE CASCADE
) ENGINE=InnoDB AUTO_INCREMENT=92 DEFAULT CHARSET=utf8mb4 COLLATE=utf8mb4_general_ci;
/*!40101 SET character_set_client = @saved_cs_client */;

--
-- Dumping data for table `lecture_learning_histories`
--

LOCK TABLES `lecture_learning_histories` WRITE;
/*!40000 ALTER TABLE `lecture_learning_histories` DISABLE KEYS */;
INSERT INTO `lecture_learning_histories` VALUES (1,6,'2023-08-16 00:44:14','2023-08-16 00:44:14',18,31),(2,8,'2023-08-16 00:51:06','2023-08-16 00:51:06',18,26),(3,8,'2023-08-16 00:51:11','2023-08-16 00:51:11',18,NULL),(4,6,'2023-08-16 00:51:43','2023-08-16 00:51:43',18,20),(5,7,'2023-08-16 01:36:31','2023-08-16 01:36:31',18,31),(6,5,'2023-08-16 01:37:48','2023-08-16 01:37:48',18,31),(7,5,'2023-08-16 01:46:21','2023-08-16 01:46:21',18,35),(8,6,'2023-08-16 02:04:12','2023-08-16 02:04:12',18,25),(9,6,'2023-08-16 02:04:53','2023-08-16 02:04:53',18,NULL),(10,5,'2023-08-16 02:06:11','2023-08-16 02:06:11',18,32),(11,6,'2023-08-16 02:08:25','2023-08-16 02:08:25',18,32),(12,5,'2023-08-16 02:13:04','2023-08-16 02:13:04',18,25),(13,6,'2023-08-16 02:13:37','2023-08-16 02:13:37',18,17),(14,7,'2023-08-16 02:16:26','2023-08-16 02:16:26',18,NULL),(15,8,'2023-08-16 02:16:34','2023-08-16 02:16:34',18,31),(16,7,'2023-08-16 02:17:41','2023-08-16 02:17:41',18,32),(17,7,'2023-08-16 02:17:58','2023-08-16 02:17:58',18,NULL),(18,7,'2023-08-16 02:24:10','2023-08-16 02:24:10',18,NULL),(19,8,'2023-08-16 02:24:16','2023-08-16 02:24:16',18,32),(20,6,'2023-08-16 02:42:16','2023-08-16 02:42:16',18,19),(21,7,'2023-08-16 03:17:33','2023-08-16 03:17:33',18,26),(22,6,'2023-08-16 03:22:09','2023-08-16 03:22:09',18,34),(23,6,'2023-08-16 03:23:20','2023-08-16 03:23:20',18,NULL),(24,6,'2023-08-16 03:24:42','2023-08-16 03:24:42',18,33),(25,206,'2023-08-16 03:26:01','2023-08-16 03:26:01',19,33),(26,206,'2023-08-16 03:26:30','2023-08-16 03:26:30',19,NULL),(27,7,'2023-08-16 03:26:42','2023-08-16 03:26:42',18,34),(28,5,'2023-08-16 03:28:02','2023-08-16 03:28:02',18,34),(29,8,'2023-08-16 03:31:31','2023-08-16 03:31:31',18,33),(30,8,'2023-08-16 03:32:55','2023-08-16 03:32:55',18,NULL),(31,12,'2023-08-16 03:36:50','2023-08-16 03:36:50',19,22),(32,7,'2023-08-16 05:52:20','2023-08-16 05:52:20',19,27),(33,12,'2023-08-16 05:59:54','2023-08-16 05:59:54',19,29),(37,7,'2023-08-16 06:07:57','2023-08-16 06:07:57',19,20),(41,12,'2023-08-16 06:15:18','2023-08-16 06:15:18',19,19),(42,6,'2023-08-16 06:46:20','2023-08-16 06:46:20',18,NULL),(43,6,'2023-08-16 06:52:02','2023-08-16 06:52:02',18,NULL),(44,11,'2023-08-16 07:02:11','2023-08-16 07:02:11',19,22),(45,206,'2023-08-16 07:03:25','2023-08-16 07:03:25',40,26),(46,206,'2023-08-16 07:05:08','2023-08-16 07:05:08',40,NULL),(47,206,'2023-08-16 07:05:09','2023-08-16 07:05:09',18,NULL),(50,206,'2023-08-16 07:05:09','2023-08-16 07:05:09',18,NULL),(51,12,'2023-08-16 07:06:23','2023-08-16 07:06:23',19,26),(52,7,'2023-08-16 07:07:56','2023-08-16 07:07:56',19,35),(53,8,'2023-08-16 07:11:51','2023-08-16 07:11:51',19,NULL),(54,7,'2023-08-16 07:12:55','2023-08-16 07:12:55',19,NULL),(55,11,'2023-08-16 07:13:53','2023-08-16 07:13:53',19,23),(56,206,'2023-08-16 07:18:59','2023-08-16 07:18:59',18,NULL),(57,12,'2023-08-16 07:19:15','2023-08-16 07:19:15',19,27),(58,206,'2023-08-16 07:28:28','2023-08-16 07:28:28',19,NULL),(59,12,'2023-08-16 07:28:39','2023-08-16 07:28:39',19,NULL),(60,5,'2023-08-16 07:30:27','2023-08-16 07:30:27',19,NULL),(61,206,'2023-08-16 07:41:09','2023-08-16 07:41:09',18,NULL),(62,7,'2023-08-16 07:41:17','2023-08-16 07:41:17',18,NULL),(63,206,'2023-08-16 07:41:20','2023-08-16 07:41:20',18,NULL),(64,8,'2023-08-16 07:41:25','2023-08-16 07:41:25',18,NULL),(65,8,'2023-08-16 07:56:46','2023-08-16 07:56:46',18,NULL),(66,6,'2023-08-16 08:00:17','2023-08-16 08:00:17',19,35),(67,6,'2023-08-16 08:01:49','2023-08-16 08:01:49',19,35),(68,6,'2023-08-16 08:02:32','2023-08-16 08:02:32',19,NULL),(69,11,'2023-08-16 08:02:40','2023-08-16 08:02:40',19,24),(70,12,'2023-08-16 08:06:04','2023-08-16 08:06:04',19,35),(71,206,'2023-08-16 08:09:12','2023-08-16 08:09:12',19,NULL),(72,6,'2023-08-16 08:21:34','2023-08-16 08:21:34',19,NULL),(73,8,'2023-08-16 08:21:34','2023-08-16 08:21:34',18,NULL),(74,8,'2023-08-16 08:23:30','2023-08-16 08:23:30',19,NULL),(75,NULL,'2023-08-16 08:23:30','2023-08-16 08:23:30',19,NULL),(76,8,'2023-08-16 08:44:24','2023-08-16 08:44:24',19,NULL),(77,9,'2023-08-16 08:44:43','2023-08-16 08:44:43',19,NULL),(78,8,'2023-08-16 15:00:06','2023-08-16 15:00:06',18,NULL),(79,NULL,'2023-08-16 15:00:09','2023-08-16 15:00:09',18,NULL),(80,8,'2023-08-16 23:57:52','2023-08-16 23:57:52',40,NULL),(81,206,'2023-08-17 00:57:57','2023-08-17 00:57:57',18,NULL),(82,206,'2023-08-17 01:04:14','2023-08-17 01:04:14',18,NULL),(83,206,'2023-08-17 01:18:01','2023-08-17 01:18:01',18,NULL),(84,6,'2023-08-17 01:20:57','2023-08-17 01:20:57',18,30),(85,6,'2023-08-17 01:21:41','2023-08-17 01:21:41',18,NULL),(86,7,'2023-08-17 01:23:46','2023-08-17 01:23:46',19,18),(87,12,'2023-08-17 01:24:20','2023-08-17 01:24:20',18,NULL),(88,NULL,'2023-08-17 01:24:25','2023-08-17 01:24:25',18,NULL),(89,12,'2023-08-17 01:24:38','2023-08-17 01:24:38',18,NULL),(90,11,'2023-08-17 01:27:25','2023-08-17 01:27:25',18,NULL),(91,8,'2023-08-17 02:01:05','2023-08-17 02:01:05',19,NULL);
/*!40000 ALTER TABLE `lecture_learning_histories` ENABLE KEYS */;
UNLOCK TABLES;

--
-- Table structure for table `members`
--

DROP TABLE IF EXISTS `members`;
/*!40101 SET @saved_cs_client     = @@character_set_client */;
/*!50503 SET character_set_client = utf8mb4 */;
CREATE TABLE `members` (
  `id` bigint(20) NOT NULL AUTO_INCREMENT,
  `government_id` bigint(20) NOT NULL,
  `class_id` bigint(20) DEFAULT NULL,
  `role` bigint(20) NOT NULL,
  `status_code` varchar(256) NOT NULL,
  `uuid` varchar(256) NOT NULL,
  `password` varchar(256) NOT NULL,
  `name` varchar(256) NOT NULL,
  `gender` tinyint(1) NOT NULL,
  `phone` varchar(256) NOT NULL,
  `address` varchar(256) NOT NULL,
  `face_image_url` varchar(256) NOT NULL,
  `first_responder` varchar(256) DEFAULT NULL,
  `tablet_no` bigint(20) DEFAULT NULL,
  `created_at` timestamp NOT NULL DEFAULT current_timestamp(),
  `updated_at` timestamp NOT NULL DEFAULT current_timestamp() ON UPDATE current_timestamp(),
  PRIMARY KEY (`id`),
  KEY `fk_members_governments` (`government_id`),
  KEY `fk_members_classes` (`class_id`),
  KEY `fk_members_roles` (`role`),
  KEY `fk_members_commoncodes` (`status_code`),
  CONSTRAINT `fk_members_classes` FOREIGN KEY (`class_id`) REFERENCES `classes` (`id`) ON DELETE CASCADE ON UPDATE CASCADE,
  CONSTRAINT `fk_members_commoncodes` FOREIGN KEY (`status_code`) REFERENCES `common_codes` (`status_code`) ON DELETE CASCADE ON UPDATE CASCADE,
  CONSTRAINT `fk_members_governments` FOREIGN KEY (`government_id`) REFERENCES `governments` (`id`) ON DELETE CASCADE ON UPDATE CASCADE,
  CONSTRAINT `fk_members_roles` FOREIGN KEY (`role`) REFERENCES `roles` (`id`) ON DELETE CASCADE ON UPDATE CASCADE
) ENGINE=InnoDB AUTO_INCREMENT=44 DEFAULT CHARSET=utf8mb4 COLLATE=utf8mb4_general_ci;
/*!40101 SET character_set_client = @saved_cs_client */;

--
-- Dumping data for table `members`
--

LOCK TABLES `members` WRITE;
/*!40000 ALTER TABLE `members` DISABLE KEYS */;
INSERT INTO `members` VALUES (4,4,4,3,'A02','02cb01da-4eac-4d50-9717-aaf770b7d524','{bcrypt}$2a$10$V3.naIP6Mcp7SULTea5YgO/qTvqjNRBs/wVy3DBBvuukx51Mts5ba','할무니2',0,'010-1234-1234','부산시 강서구2','https://s3-hotsix.s3.ap-northeast-2.amazonaws.com/4/02cb01da-4eac-4d50-9717-aaf770b7d524.png','010-4321-4321',1,'2023-08-17 01:10:56','2023-08-17 01:10:56'),(7,4,9,3,'A02','eb3b2176-c44c-4010-9c01-443a71e36317','{bcrypt}$2a$10$2prWO7ymsJjENk2JEvJx3e2Yuzo17Hd7Ik6jDXQYoQrvE4W70P/wC','string',0,'010-7777-8888','string3','https://s3-hotsix.s3.ap-northeast-2.amazonaws.com/4/eb3b2176-c44c-4010-9c01-443a71e36317.png','010-7777-8888',0,'2023-08-17 01:55:57','2023-08-17 01:55:57'),(11,4,9,3,'A02','5b937715-1bf9-4a6d-8e36-f3c10101f642','{bcrypt}$2a$10$rTG9SbopXi8mBw4mOS.SNOazxxFkeHJpKEBj23FqPks.tl9gH0HI.','string2',0,'010-8888-9999','stringaddress','https://s3-hotsix.s3.ap-northeast-2.amazonaws.com/4/5b937715-1bf9-4a6d-8e36-f3c10101f642.png','010-8888-9999',5,'2023-08-17 01:57:51','2023-08-17 01:57:51'),(16,4,7,3,'A01','a2780793-842a-40bc-9ac0-9813242b6520','{bcrypt}$2a$10$Koeg3FRapFK4Lz5u.1VWrusFxXeSUXQW9kVSoh0OHV6B8TMaZQZN6','하성호',1,'010-1234-1234','부산 신호동2','https://s3-hotsix.s3.ap-northeast-2.amazonaws.com/4/a2780793-842a-40bc-9ac0-9813242b6520.png',NULL,0,'2023-08-14 02:44:18','2023-08-17 01:34:54'),(17,2,NULL,4,'A01','cb4e1a9f-8916-46f7-95df-2ba93998acaa','{bcrypt}$2a$10$zyggJ0pfNPMTxPrnqP1Sf.CcAD/YExh26i2PFjpj2DVKLutY3wYPi','강사이름',1,'강사전화번호','address','https://s3-hotsix.s3.ap-northeast-2.amazonaws.com/2/cb4e1a9f-8916-46f7-95df-2ba93998acaa.png',NULL,1000,'2023-08-09 13:34:13','2023-08-12 00:45:21'),(18,4,7,3,'A01','9aafdd84-427d-4fc9-bf0d-52d1fee6ea7d','{bcrypt}$2a$10$C5dH.wQMBusvyNK9oToAUuWaUeAfmBF8WakpErCRFptH6j2KS7VYK','이동규',1,'010-0000-0000','string','https://s3-hotsix.s3.ap-northeast-2.amazonaws.com/4/9aafdd84-427d-4fc9-bf0d-52d1fee6ea7d.png',NULL,NULL,'2023-08-11 01:09:22','2023-08-17 02:01:57'),(19,4,7,4,'A01','fb900505-de55-4176-81bf-c97866b827eb','{bcrypt}$2a$10$9GssZOtfA/CD8p32tJMkKOe5.M5OZ4.oQOi3wEYzBLcDETvyDUVcq','김야진',0,'010-0000-0000','string','https://s3-hotsix.s3.ap-northeast-2.amazonaws.com/4/fb900505-de55-4176-81bf-c97866b827eb.png',NULL,NULL,'2023-08-11 01:09:36','2023-08-17 02:16:28'),(24,4,4,3,'A01','e503f81c-a7c6-4c08-a024-2dd2cafdd13b','{bcrypt}$2a$10$2NSY7tJO.2eczo1ThP8Pb.8o3cZuqcSlKVE.eiGRXa4pxkuZPgA/y','김나연',1,'010-7777-1112','부산','https://s3-hotsix.s3.ap-northeast-2.amazonaws.com/4/e503f81c-a7c6-4c08-a024-2dd2cafdd13b.png','010-1234-1234',3,'2023-08-17 01:56:26','2023-08-17 01:56:26'),(32,4,4,3,'A01','7b3e38c8-83f0-4a50-a858-798b7091115d','{bcrypt}$2a$10$8435Yb4UWgigxEoNCSSwQuM2xLYlhUA9SKHPCrgSYvOIrTq8e24NK','김현비니',1,'010-1231-1233','창원','https://s3-hotsix.s3.ap-northeast-2.amazonaws.com/4/7b3e38c8-83f0-4a50-a858-798b7091115d.png','010-1122-1111',101,'2023-08-16 03:48:46','2023-08-16 03:48:46'),(40,4,7,3,'A01','7a9f0e0c-19d6-4c54-8eb6-9f4c1ec60d31','{bcrypt}$2a$10$ODqUnLUCuGE/JqTWESXxkuYmwl3kbehc1aYhuQSIHb3z8hEeFxQeW','김정희',1,'010-5555-9999','부산 신호동','https://s3-hotsix.s3.ap-northeast-2.amazonaws.com/4/7a9f0e0c-19d6-4c54-8eb6-9f4c1ec60d31.png','010-5555-9999',123,'2023-08-17 01:57:28','2023-08-17 01:57:28'),(41,4,206,4,'A01','62409298-d89f-4976-83bc-daa31cf2caaa','{bcrypt}$2a$10$O4npEAez438Xefjp3Dv2wuBNBMWsagVMIurbejuxdOxD5gR51IhoK','정경훈',1,'010-1234-5678','부산','https://s3-hotsix.s3.ap-northeast-2.amazonaws.com/4/62409298-d89f-4976-83bc-daa31cf2caaa.png',NULL,123,'2023-08-16 23:51:36','2023-08-17 01:17:53'),(42,4,NULL,4,'A01','dac64480-aee5-4c56-9920-d097012fc999','{bcrypt}$2a$10$QCHeQPfyAtSfLiSBPVR68.rvB2EwVgsbedyfPK1oZd5X1ClqfRjoe','김보경',1,'010-5678-1234','부산','https://s3-hotsix.s3.ap-northeast-2.amazonaws.com/4/dac64480-aee5-4c56-9920-d097012fc999.png',NULL,123,'2023-08-16 23:51:55','2023-08-16 23:51:55');
/*!40000 ALTER TABLE `members` ENABLE KEYS */;
UNLOCK TABLES;

--
-- Table structure for table `roles`
--

DROP TABLE IF EXISTS `roles`;
/*!40101 SET @saved_cs_client     = @@character_set_client */;
/*!50503 SET character_set_client = utf8mb4 */;
CREATE TABLE `roles` (
  `id` bigint(20) NOT NULL AUTO_INCREMENT,
  `role` varchar(256) NOT NULL,
  PRIMARY KEY (`id`)
) ENGINE=InnoDB AUTO_INCREMENT=5 DEFAULT CHARSET=utf8mb4 COLLATE=utf8mb4_general_ci;
/*!40101 SET character_set_client = @saved_cs_client */;

--
-- Dumping data for table `roles`
--

LOCK TABLES `roles` WRITE;
/*!40000 ALTER TABLE `roles` DISABLE KEYS */;
INSERT INTO `roles` VALUES (1,'ROLE_ADMIN'),(2,'ROLE_GOVERNMENT'),(3,'ROLE_STUDENT'),(4,'ROLE_TEACHER');
/*!40000 ALTER TABLE `roles` ENABLE KEYS */;
UNLOCK TABLES;

--
-- Table structure for table `themes`
--

DROP TABLE IF EXISTS `themes`;
/*!40101 SET @saved_cs_client     = @@character_set_client */;
/*!50503 SET character_set_client = utf8mb4 */;
CREATE TABLE `themes` (
  `id` bigint(20) NOT NULL AUTO_INCREMENT,
  `theme` varchar(256) NOT NULL,
  `stage` bigint(20) NOT NULL,
  `theme_image_url` varchar(256) DEFAULT NULL,
  `situation` varchar(256) NOT NULL,
  `situation_journal` varchar(256) NOT NULL,
  `created_at` timestamp NOT NULL DEFAULT current_timestamp(),
  `updated_at` timestamp NOT NULL DEFAULT current_timestamp() ON UPDATE current_timestamp(),
  PRIMARY KEY (`id`)
) ENGINE=InnoDB AUTO_INCREMENT=36 DEFAULT CHARSET=utf8mb4 COLLATE=utf8mb4_general_ci;
/*!40101 SET character_set_client = @saved_cs_client */;

--
-- Dumping data for table `themes`
--

LOCK TABLES `themes` WRITE;
/*!40000 ALTER TABLE `themes` DISABLE KEYS */;
INSERT INTO `themes` VALUES (16,'일상',2,NULL,'버스를 타요','친구와 함께 버스를 타고 시장에 갔다. 정류장에서 노선을 확인하고 버스를 기다렸다. 시장이 멀어서 환승해야했다. 교통카드를 찍고 버스를 탔다.','2023-08-10 07:51:16','2023-08-10 07:51:16'),(17,'일상',3,NULL,'시장에 가요','시장에 도착하니 다양한 가게들이 있었다. 반찬거리를 계산하고 장바구니에 담았다. 장을 보고 나니 배가 출출했다. 시장에 있는 포장마차에서 어묵과 순대를 먹었다.','2023-08-10 07:51:16','2023-08-10 07:51:16'),(18,'일상',4,NULL,'요리를 해요','시장에서 사온 재료로 맛있는 저녁을 만들었다. 먼저 앞치마를 입고, 감자를 삶았다. 냄비에 된장찌개를 끓였다. 식사를 끝내고 수업을 듣기 전, 설거지를 했다.','2023-08-10 07:51:16','2023-08-10 07:51:16'),(19,'일상',5,NULL,'수업을 들어요','수업 시간이 되어, 태블릿을 켰다. 선생님과 함께 공부하는 건 즐겁다. 수업이 끝나면 선생님이 숙제를 내주신다. 시장에 다녀오느라 피곤해서 숙제는 내일 아침에 하려고 한다.','2023-08-10 07:51:16','2023-08-10 07:51:16'),(20,'명절',1,NULL,'음력 1월 1일은 설날이에요','따뜻한 떡국을 먹으며 설날을 맞이했다. 차례를 지내고 가족들과 맛있는 음식도 먹었다. 토끼 같은 손주들이 세뱃돈을 받고 기뻐하는 모습에 기분이 좋다. 오후에는 윷놀이를 하며 재밌는 시간을 보냈다.','2023-08-10 07:51:16','2023-08-10 07:51:16'),(21,'명절',2,NULL,'음력 1월 15일은 정월 대보름이에요.','오늘은 음력 1월 15일 정월대보름이다. 보름달이 아주 크고 예뻤다. 곳곳에서 쥐불놀이를 하는 모습이 보기 좋았다. 집으로 돌아와 만들어 둔 약밥을 먹으며 하루를 마무리했다.','2023-08-10 07:51:16','2023-08-10 07:51:16'),(22,'명절',3,NULL,'음력 4월 8일은 부처님 오신 날이에요.','석가탄신일이라 친구들과 절에 갔다. 거리가 화려한 연등으로 꾸며져 있었다. 절에 도착하고 법회를 들으러 갔다. 법회를 다 들은 후, 비빔밥을 먹었다.','2023-08-10 07:51:16','2023-08-10 07:51:16'),(23,'명절',4,NULL,'5월 5일은 어린이날이에요','어린이날이라 손주의 얼굴에 웃음꽃이 피었다. 손주가 좋아하는 장난감을 사러 대형 마트로 갔다. 좋아하는 장난감을 얻어 행복해하는 손주가 귀엽다. 집으로 돌아와 손주의 재롱잔치도 볼 수 있었다.','2023-08-10 07:51:16','2023-08-10 07:51:16'),(24,'명절',5,NULL,'음력 8월 15일은 추석이에요','오늘은 가을의 선선한 바람이 불어오는 추석이다. 이번 농사가 풍년이라 풍성한 한가위를 보낼 수 있다. 추석이라 송편을 먹고 성묘도 다녀왔다. 가족들과 명절을 보내서 즐거운 하루였다.','2023-08-10 07:51:16','2023-08-10 07:51:16'),(25,'병원',1,NULL,'친구 병문안을 가요','병원에서 치료 중인 친구 병문안을 갔다. 환자복을 입은 모습이 어색하고 마음아팠다. 그래도 함께 웃으며 이야기하니 친구의 표정이 밝아졌다. 친구는 내일 퇴원한다는 좋은 소식을 전해줬다.','2023-08-10 07:51:16','2023-08-10 07:51:16'),(26,'병원',2,NULL,'배우자가 수술을 받아요','남편이 수술을 받게 되었다. 보호자로서 수술 동의서를 작성했다. 다행히, 의사 선생님이 금방 회복될 것이라고 했다. 빨리 낫도록 잘 간호해야겠다.','2023-08-10 07:51:16','2023-08-10 07:51:16'),(27,'병원',3,NULL,'감기에 걸려서 병원을 가요','재채기가 자꾸 나와서 병원에서 진료를 받았다. 면역력이 약해져서 감기에 걸린 것 같다고 말씀하셨다.  처방전을 받고 약국에서 약을 지었다. 꾸준히 건강 관리를 해야겠다.','2023-08-10 07:51:16','2023-08-10 07:51:16'),(28,'병원',4,NULL,'건강검진을 받아요','지난 주말에 예약한 건강검진을 받는 날이다. 오후에 병원에 가서 엑스레이를 찍었다. 당뇨 합병증이 걱정되어 의사와 상담도 했다. 다행히 결과가 좋아서 안심이 되었다.','2023-08-10 07:51:16','2023-08-10 07:51:16'),(29,'병원',5,NULL,'한의원에 가요','허리 통증이 심해져서 한의원에 다녀왔다. 원장님이 내 체질을 진단했다. 뜸 치료를 받았는데 허리가 훨씬 편안해졌다. 통증이 많이 완화된 것 같다.','2023-08-10 07:51:16','2023-08-10 07:51:16'),(30,'은행',1,'https://s3.ap-northeast-2.amazonaws.com/s3-hotsix/%ED%85%8C%EB%A7%88/%EC%9D%80%ED%96%891.png','통장을 만들어요','통장을 개설하러 은행에 다녀왔다. 통장을 개설하는데 주민등록증과 서명이 필요했다. 창구로 향하자, 친절한 은행원이 맞이해주었다. 통장에 대해 상담받고 통장을 개설했다.','2023-08-10 07:51:16','2023-08-14 05:37:32'),(31,'은행',2,'https://s3.ap-northeast-2.amazonaws.com/s3-hotsix/%ED%85%8C%EB%A7%88/%EC%9D%80%ED%96%892.png','돈을 입금해요','입금하러 은행에 갔다. 청원경찰이 번호표를 뽑는 걸 도와줬다. 내 차례가 될 때까지 대기석에 앉아서 기다렸다. 전표를 작성하고 입금하니 이체 수수료가 발생했다.','2023-08-10 07:51:16','2023-08-10 11:29:40'),(32,'은행',3,'https://s3.ap-northeast-2.amazonaws.com/s3-hotsix/%ED%85%8C%EB%A7%88/%EC%9D%80%ED%96%893.png','돈을 출금해요','출금하러 은행에 갔는데, 주민등록증을 깜빡했다. 다행히 계좌번호만으로 출금이 가능했다. 은행원의 도움으로 출금한 현금을 봉투에 담았다. 현금을 가지고 시장에 갔다.','2023-08-10 07:51:16','2023-08-10 11:29:40'),(33,'은행',4,'https://s3.ap-northeast-2.amazonaws.com/s3-hotsix/%ED%85%8C%EB%A7%88/%EC%9D%80%ED%96%894.png','통장을 재발급받아요','통장 만료기한이 다 되었다. 통장을 재발급 받아야 한다. 은행원에게 통장과 인감을 주니 통장을 재발급해주었다. 새 통장으로 현금지급기를 이용해 잔액도 확인했다.','2023-08-10 07:51:16','2023-08-10 11:29:40'),(34,'은행',5,'https://s3.ap-northeast-2.amazonaws.com/s3-hotsix/%ED%85%8C%EB%A7%88/%EC%9D%80%ED%96%895.png','현금지급기를 사용해요','주말에 입금을 하기 위해 현금지급기를 사용했다. 버튼이 너무 많아서 혼란스러웠다. 한 학생이 도와줘서 입금할 수 있었다. 입금 영수증은 기계로 파쇄했다.','2023-08-10 07:51:16','2023-08-10 11:29:41'),(35,'일상',1,NULL,'친구를 만나요','오늘은 오랜만에 친구를 만났다.서로 안부를 묻고 반갑다고 인사했다. 함께 과일을 먹으며 즐거운 시간을 보냈다. 그 후, 친구와 함께 버스를 타고 시장에 갔다.','2023-08-10 07:54:50','2023-08-10 07:54:50');
/*!40000 ALTER TABLE `themes` ENABLE KEYS */;
UNLOCK TABLES;

--
-- Table structure for table `words`
--

DROP TABLE IF EXISTS `words`;
/*!40101 SET @saved_cs_client     = @@character_set_client */;
/*!50503 SET character_set_client = utf8mb4 */;
CREATE TABLE `words` (
  `id` bigint(20) NOT NULL AUTO_INCREMENT,
  `theme_id` bigint(20) NOT NULL,
  `word` varchar(256) NOT NULL,
  `word_explanation` varchar(256) DEFAULT NULL,
  `word_image_url` varchar(256) DEFAULT NULL,
  `created_at` timestamp NOT NULL DEFAULT current_timestamp(),
  `updated_at` timestamp NOT NULL DEFAULT current_timestamp() ON UPDATE current_timestamp(),
  `theme_entity_id` bigint(20) DEFAULT NULL,
  `themes_id` bigint(20) DEFAULT NULL,
  PRIMARY KEY (`id`),
  KEY `fk_words_themes` (`theme_id`),
  KEY `FK1aljpxwht6g21ux26f1cgnnno` (`theme_entity_id`),
  KEY `FK2ahiapg1gtgytxbpawwk9tsjv` (`themes_id`),
  CONSTRAINT `FK1aljpxwht6g21ux26f1cgnnno` FOREIGN KEY (`theme_entity_id`) REFERENCES `themes` (`id`),
  CONSTRAINT `FK2ahiapg1gtgytxbpawwk9tsjv` FOREIGN KEY (`themes_id`) REFERENCES `themes` (`id`),
  CONSTRAINT `fk_words_themes` FOREIGN KEY (`theme_id`) REFERENCES `themes` (`id`) ON DELETE CASCADE ON UPDATE CASCADE
) ENGINE=InnoDB AUTO_INCREMENT=156 DEFAULT CHARSET=utf8mb4 COLLATE=utf8mb4_general_ci;
/*!40101 SET character_set_client = @saved_cs_client */;

--
-- Dumping data for table `words`
--

LOCK TABLES `words` WRITE;
/*!40000 ALTER TABLE `words` DISABLE KEYS */;
INSERT INTO `words` VALUES (56,35,'친구',NULL,NULL,'2023-08-10 10:59:24','2023-08-10 10:59:24',NULL,NULL),(57,35,'안부',NULL,NULL,'2023-08-10 10:59:24','2023-08-10 10:59:24',NULL,NULL),(58,35,'반갑다',NULL,NULL,'2023-08-10 10:59:24','2023-08-10 10:59:24',NULL,NULL),(59,35,'인사하다',NULL,NULL,'2023-08-10 10:59:24','2023-08-10 10:59:24',NULL,NULL),(60,35,'함께',NULL,NULL,'2023-08-10 10:59:24','2023-08-10 10:59:24',NULL,NULL),(61,16,'버스',NULL,NULL,'2023-08-10 10:59:24','2023-08-10 10:59:24',NULL,NULL),(62,16,'정류장',NULL,NULL,'2023-08-10 10:59:24','2023-08-10 10:59:24',NULL,NULL),(63,16,'노선',NULL,NULL,'2023-08-10 10:59:24','2023-08-10 10:59:24',NULL,NULL),(64,16,'환승하다',NULL,NULL,'2023-08-10 10:59:24','2023-08-10 10:59:24',NULL,NULL),(65,16,'교통카드',NULL,NULL,'2023-08-10 10:59:24','2023-08-10 10:59:24',NULL,NULL),(66,17,'가게',NULL,NULL,'2023-08-10 10:59:24','2023-08-10 10:59:24',NULL,NULL),(67,17,'반찬',NULL,NULL,'2023-08-10 10:59:24','2023-08-10 10:59:24',NULL,NULL),(68,17,'계산하다',NULL,NULL,'2023-08-10 10:59:24','2023-08-10 10:59:24',NULL,NULL),(69,17,'장바구니',NULL,NULL,'2023-08-10 10:59:24','2023-08-10 10:59:24',NULL,NULL),(70,17,'포장마차',NULL,NULL,'2023-08-10 10:59:24','2023-08-10 10:59:24',NULL,NULL),(71,18,'저녁',NULL,NULL,'2023-08-10 10:59:24','2023-08-10 10:59:24',NULL,NULL),(72,18,'앞치마',NULL,NULL,'2023-08-10 10:59:24','2023-08-10 10:59:24',NULL,NULL),(73,18,'삶다',NULL,NULL,'2023-08-10 10:59:24','2023-08-10 10:59:24',NULL,NULL),(74,18,'된장찌개',NULL,NULL,'2023-08-10 10:59:24','2023-08-10 10:59:24',NULL,NULL),(75,18,'설거지',NULL,NULL,'2023-08-10 10:59:24','2023-08-10 10:59:24',NULL,NULL),(76,19,'수업시간',NULL,NULL,'2023-08-10 10:59:24','2023-08-10 10:59:24',NULL,NULL),(77,19,'태블릿',NULL,NULL,'2023-08-10 10:59:24','2023-08-10 10:59:24',NULL,NULL),(78,19,'선생님',NULL,NULL,'2023-08-10 10:59:24','2023-08-10 10:59:24',NULL,NULL),(79,19,'공부',NULL,NULL,'2023-08-10 10:59:24','2023-08-10 10:59:24',NULL,NULL),(80,19,'숙제',NULL,NULL,'2023-08-10 10:59:24','2023-08-10 10:59:24',NULL,NULL),(81,20,'설날',NULL,NULL,'2023-08-10 11:02:33','2023-08-10 11:02:33',NULL,NULL),(82,20,'떡국',NULL,NULL,'2023-08-10 11:02:33','2023-08-10 11:02:33',NULL,NULL),(83,20,'차례',NULL,NULL,'2023-08-10 11:02:33','2023-08-10 11:02:33',NULL,NULL),(84,20,'세뱃돈',NULL,NULL,'2023-08-10 11:02:33','2023-08-10 11:02:33',NULL,NULL),(85,20,'윷놀이',NULL,NULL,'2023-08-10 11:02:33','2023-08-10 11:02:33',NULL,NULL),(86,21,'정월대보름',NULL,NULL,'2023-08-10 11:02:33','2023-08-10 11:02:33',NULL,NULL),(87,21,'보름달',NULL,NULL,'2023-08-10 11:02:33','2023-08-10 11:02:33',NULL,NULL),(88,21,'쥐불놀이',NULL,NULL,'2023-08-10 11:02:33','2023-08-10 11:02:33',NULL,NULL),(89,21,'예쁘다',NULL,NULL,'2023-08-10 11:02:33','2023-08-10 11:02:33',NULL,NULL),(90,21,'약밥',NULL,NULL,'2023-08-10 11:02:33','2023-08-10 11:02:33',NULL,NULL),(91,22,'석가탄신일',NULL,NULL,'2023-08-10 11:02:33','2023-08-10 11:02:33',NULL,NULL),(92,22,'절',NULL,NULL,'2023-08-10 11:02:33','2023-08-10 11:02:33',NULL,NULL),(93,22,'연등',NULL,NULL,'2023-08-10 11:02:33','2023-08-10 11:02:33',NULL,NULL),(94,22,'법회',NULL,NULL,'2023-08-10 11:02:33','2023-08-10 11:02:33',NULL,NULL),(95,22,'비빔밥',NULL,NULL,'2023-08-10 11:02:33','2023-08-10 11:02:33',NULL,NULL),(96,23,'어린이날',NULL,NULL,'2023-08-10 11:02:33','2023-08-10 11:02:33',NULL,NULL),(97,23,'손주',NULL,NULL,'2023-08-10 11:02:33','2023-08-10 11:02:33',NULL,NULL),(98,23,'장난감',NULL,NULL,'2023-08-10 11:02:33','2023-08-10 11:02:33',NULL,NULL),(99,23,'재롱잔치',NULL,NULL,'2023-08-10 11:02:33','2023-08-10 11:02:33',NULL,NULL),(100,23,'귀엽다',NULL,NULL,'2023-08-10 11:02:33','2023-08-10 11:02:33',NULL,NULL),(101,24,'추석',NULL,NULL,'2023-08-10 11:02:33','2023-08-10 11:02:33',NULL,NULL),(102,24,'풍년',NULL,NULL,'2023-08-10 11:02:33','2023-08-10 11:02:33',NULL,NULL),(103,24,'송편',NULL,NULL,'2023-08-10 11:02:33','2023-08-10 11:02:33',NULL,NULL),(104,24,'성묘',NULL,NULL,'2023-08-10 11:02:33','2023-08-10 11:02:33',NULL,NULL),(105,24,'다녀오다',NULL,NULL,'2023-08-10 11:02:33','2023-08-10 11:02:33',NULL,NULL),(106,25,'병원',NULL,NULL,'2023-08-10 11:05:31','2023-08-10 11:05:31',NULL,NULL),(107,25,'병문안',NULL,NULL,'2023-08-10 11:05:31','2023-08-10 11:05:31',NULL,NULL),(108,25,'입원',NULL,NULL,'2023-08-10 11:05:31','2023-08-10 11:05:31',NULL,NULL),(109,25,'환자복',NULL,NULL,'2023-08-10 11:05:31','2023-08-10 11:05:31',NULL,NULL),(110,25,'퇴원',NULL,NULL,'2023-08-10 11:05:31','2023-08-10 11:05:31',NULL,NULL),(111,26,'간호',NULL,NULL,'2023-08-10 11:05:31','2023-08-10 11:05:31',NULL,NULL),(112,26,'보호자',NULL,NULL,'2023-08-10 11:05:31','2023-08-10 11:05:31',NULL,NULL),(113,26,'수술',NULL,NULL,'2023-08-10 11:05:31','2023-08-10 11:05:31',NULL,NULL),(114,26,'동의서',NULL,NULL,'2023-08-10 11:05:31','2023-08-10 11:05:31',NULL,NULL),(115,26,'회복',NULL,NULL,'2023-08-10 11:05:31','2023-08-10 11:05:31',NULL,NULL),(116,27,'재채기',NULL,NULL,'2023-08-10 11:05:31','2023-08-10 11:05:31',NULL,NULL),(117,27,'진료',NULL,NULL,'2023-08-10 11:05:31','2023-08-10 11:05:31',NULL,NULL),(118,27,'면역력',NULL,NULL,'2023-08-10 11:05:31','2023-08-10 11:05:31',NULL,NULL),(119,27,'감기',NULL,NULL,'2023-08-10 11:05:31','2023-08-10 11:05:31',NULL,NULL),(120,27,'처방전',NULL,NULL,'2023-08-10 11:05:31','2023-08-10 11:05:31',NULL,NULL),(121,28,'예약하다',NULL,NULL,'2023-08-10 11:05:31','2023-08-10 11:05:31',NULL,NULL),(122,28,'건강검진',NULL,NULL,'2023-08-10 11:05:31','2023-08-10 11:05:31',NULL,NULL),(123,28,'엑스레이',NULL,NULL,'2023-08-10 11:05:31','2023-08-10 11:05:31',NULL,NULL),(124,28,'당뇨',NULL,NULL,'2023-08-10 11:05:31','2023-08-10 11:05:31',NULL,NULL),(125,28,'합병증',NULL,NULL,'2023-08-10 11:05:31','2023-08-10 11:05:31',NULL,NULL),(126,29,'통증',NULL,NULL,'2023-08-10 11:05:31','2023-08-10 11:05:31',NULL,NULL),(127,29,'한의원',NULL,NULL,'2023-08-10 11:05:31','2023-08-10 11:05:31',NULL,NULL),(128,29,'체질',NULL,NULL,'2023-08-10 11:05:31','2023-08-10 11:05:31',NULL,NULL),(129,29,'뜸',NULL,NULL,'2023-08-10 11:05:31','2023-08-10 11:05:31',NULL,NULL),(130,29,'완화되다',NULL,NULL,'2023-08-10 11:05:31','2023-08-10 11:05:31',NULL,NULL),(131,30,'통장','은행에서 만들 수 있는 돈의 입출금 기록을 적어두는 장부',NULL,'2023-08-10 11:13:50','2023-08-13 07:57:27',NULL,NULL),(132,30,'주민등록증','증명사진과 이름, 주소 등의 개인정보가 표시된 신분증',NULL,'2023-08-10 11:13:50','2023-08-13 07:57:27',NULL,NULL),(133,30,'서명','자신의 이름을 쓰는 것',NULL,'2023-08-10 11:13:50','2023-08-13 07:57:27',NULL,NULL),(134,30,'창구','은행 같은 곳에서 직원과 문서나 돈을 주고 받을 수 있는 자리',NULL,'2023-08-10 11:13:50','2023-08-13 07:57:27',NULL,NULL),(135,30,'상담하다','의사나 직원에게 질문을 하고, 정보와 조언을 듣는 것',NULL,'2023-08-10 11:13:50','2023-08-13 07:57:27',NULL,NULL),(136,31,'입금','통장에 돈을 넣는 것',NULL,'2023-08-10 11:13:50','2023-08-13 07:57:27',NULL,NULL),(137,31,'청원경찰','은행같은 기관에서 경비를 담당하는 경찰',NULL,'2023-08-10 11:13:50','2023-08-13 07:57:27',NULL,NULL),(138,31,'번호표','자신의 차례를 알 수 있도록 번호를 적은 종이',NULL,'2023-08-10 11:13:50','2023-08-13 07:57:27',NULL,NULL),(139,31,'앉다','의자나 바닥에 엉덩이를 놓고 있는 것',NULL,'2023-08-10 11:13:50','2023-08-13 07:57:27',NULL,NULL),(140,31,'수수료','어떤 일을 대신 해주고 받는 돈',NULL,'2023-08-10 11:13:50','2023-08-13 07:57:27',NULL,NULL),(141,32,'출금','통장에서 돈을 빼는 것',NULL,'2023-08-10 11:13:50','2023-08-13 07:57:27',NULL,NULL),(142,32,'깜빡하다','잠시 잊어먹는 것',NULL,'2023-08-10 11:13:50','2023-08-13 07:57:27',NULL,NULL),(143,32,'계좌번호','은행에서 계좌를 만들면 부여되는 긴 숫자',NULL,'2023-08-10 11:13:50','2023-08-13 07:57:27',NULL,NULL),(144,32,'은행원','은행에서 일하는 직원',NULL,'2023-08-10 11:13:50','2023-08-13 07:57:27',NULL,NULL),(145,32,'현금','지폐나 동전처럼 실제로 만질 수 있는 돈',NULL,'2023-08-10 11:13:50','2023-08-13 07:57:27',NULL,NULL),(146,33,'만료기한','어떤 물건을 더이상 사용할 수 없는 날짜',NULL,'2023-08-10 11:13:50','2023-08-13 07:57:27',NULL,NULL),(147,33,'재발급','사용할 수 있는 날짜가 지나서 새로 만드는 것',NULL,'2023-08-10 11:13:50','2023-08-13 07:57:27',NULL,NULL),(148,33,'인감','도장이나 서명',NULL,'2023-08-10 11:13:50','2023-08-13 07:57:27',NULL,NULL),(149,33,'현금지급기','ATM기라고도 하며, 통장이나 카드에서 돈을 뽑을 수 있는 기계',NULL,'2023-08-10 11:13:50','2023-08-13 07:57:27',NULL,NULL),(150,33,'잔액','남은 돈',NULL,'2023-08-10 11:13:50','2023-08-13 07:57:27',NULL,NULL),(151,34,'현금지급기','ATM기라고도 하며, 통장이나 카드에서 돈을 뽑을 수 있는 기계',NULL,'2023-08-10 11:13:50','2023-08-13 07:57:27',NULL,NULL),(152,34,'많다','양이 다른 것보다 더 크다, 물건이나 사람이 많은 상태',NULL,'2023-08-10 11:13:50','2023-08-13 07:57:28',NULL,NULL),(153,34,'혼란스럽다','이것저것 헷갈리고 이해하기 어려운 상태',NULL,'2023-08-10 11:13:50','2023-08-13 07:57:28',NULL,NULL),(154,34,'영수증','물건을 사고 나서 내가 산 물건들을 확인할 수 있는 종이',NULL,'2023-08-10 11:13:50','2023-08-13 07:57:28',NULL,NULL),(155,34,'파쇄하다','종이를 아주 잘게 찢는 것',NULL,'2023-08-10 11:13:50','2023-08-13 07:57:28',NULL,NULL);
/*!40000 ALTER TABLE `words` ENABLE KEYS */;
UNLOCK TABLES;

--
-- Dumping routines for database 'yahak'
--
/*!40103 SET TIME_ZONE=@OLD_TIME_ZONE */;

/*!40101 SET SQL_MODE=@OLD_SQL_MODE */;
/*!40014 SET FOREIGN_KEY_CHECKS=@OLD_FOREIGN_KEY_CHECKS */;
/*!40014 SET UNIQUE_CHECKS=@OLD_UNIQUE_CHECKS */;
/*!40101 SET CHARACTER_SET_CLIENT=@OLD_CHARACTER_SET_CLIENT */;
/*!40101 SET CHARACTER_SET_RESULTS=@OLD_CHARACTER_SET_RESULTS */;
/*!40101 SET COLLATION_CONNECTION=@OLD_COLLATION_CONNECTION */;
/*!40111 SET SQL_NOTES=@OLD_SQL_NOTES */;

-- Dump completed on 2023-08-17 11:22:00
